{"type":"FeatureCollection","features":[{"type":"Feature","geometry":{"type":"Polygon","coordinates":[[[134.12857430030192,-3.927998567643299],[134.2109879322124,-4.020506713074536],[134.09652455455898,-3.976775589779769],[134.06447480881604,-3.9128608711181876],[134.12857430030192,-3.927998567643299]]]},"properties":{"name":"","hcKey":"id-3700","postalCode":""}},{"type":"Feature","geometry":{"type":"MultiPolygon","coordinates":[[[[97.19353159910693,2.2111783564297287],[97.24389548527444,2.2296799855159755],[97.32173058207873,2.1792209970989376],[97.32173058207873,2.0295259981283884],[97.19353159910693,2.2111783564297287]]],[[[95.27054685453004,5.869455016665025],[95.3438034162282,5.8980484434346785],[95.38501023218342,5.8425435561759365],[95.33922488112206,5.780310803794922],[95.27054685453004,5.869455016665025]]],[[[95.98021979598103,2.7914567232256715],[96.09010463852829,2.7561354313337443],[96.24577483213689,2.5980306009603567],[96.31903139383506,2.5660732416295655],[96.37397381510868,2.473565096198328],[96.44265184170072,2.4887027927234406],[96.47928012254981,2.364237287961412],[96.3373455342596,2.35750942283914],[96.32818846404733,2.3945126810116353],[96.0672119629976,2.57952897187411],[95.93443444491967,2.5929847021186525],[95.70092915450677,2.779682959261697],[95.7696071810988,2.841915711642711],[95.78792132152334,2.942833688476787],[95.911541769389,2.9075123965848597],[95.98021979598103,2.7914567232256715]]],[[[98.10008155012177,2.189312794782344],[97.95814696183157,2.271729142530175],[97.8848904001334,2.2498635808827903],[97.7429558118432,2.2818209402135814],[97.66054217993276,2.413014310097882],[97.64680657461436,2.670355151024779],[97.601021223553,2.863781273290094],[97.42245835441372,2.9260140256711082],[97.33088765229101,3.031977901346888],[97.27136669591124,3.2136302596482285],[97.18437452889466,3.2472695852595876],[97.0195472650738,3.5214300889921635],[96.88676974699587,3.6845808182072552],[96.75857076402407,3.7484955368688375],[96.56169375446024,3.7468135705882695],[96.4289162363823,3.8275479520555304],[96.19083241086327,4.126937949996627],[96.12673291937737,4.138711713960602],[96.01226954172398,4.226173960550135],[95.61851552259633,4.628163901605875],[95.56815163642884,4.638255699289283],[95.42621704813864,4.826635922712894],[95.28886099495458,5.189940639315573],[95.201868827938,5.292540582430217],[95.25223271410549,5.396822491825429],[95.19729029283187,5.546517490795978],[95.41248144282024,5.65079940019119],[95.50863068004908,5.603704344335288],[95.61393698749019,5.6255699059826725],[95.88864909385832,5.514560131465188],[95.92985590981354,5.415324120911677],[96.12673291937737,5.2824487847468085],[96.36481674489642,5.226943897488066],[96.65326445658295,5.21517013352409],[96.8272487906161,5.2824487847468085],[96.97376191401244,5.274038953343968],[97.27136669591124,5.154619347423644],[97.50029345121801,5.250491425416019],[97.6651207150389,5.075566932236951],[97.90778307566407,4.888868675093908],[98.00851084799906,4.633209800447579],[97.99935377778678,4.547429520138614],[98.06345326927269,4.554157385260886],[98.20538785756288,4.498652498002144],[98.27406588415492,4.42800991421829],[98.26490881394264,4.286724746650581],[98.19165225224448,4.293452611772853],[98.06345326927269,4.241311657075247],[97.99935377778678,3.978924917306646],[97.78416262779842,3.7468135705882695],[97.90778307566407,3.4339678424026303],[97.99019670757451,3.3280039667268486],[97.86199772460272,3.255679416662426],[97.93525428630089,3.141305709583806],[97.89404747034567,3.084118856044496],[97.92151868098249,2.9075123965848597],[98.05429619906042,2.811640318592488],[98.07261033948495,2.6787649824276194],[98.02224645331746,2.577847005593542],[98.12755276075858,2.325552063508349],[98.10008155012177,2.189312794782344]]]]},"properties":{"name":"Aceh","hcKey":"id-ac","postalCode":"AC"}},{"type":"Feature","geometry":{"type":"MultiPolygon","coordinates":[[[[108.96036682187516,-7.7225144966045995],[109.00157363783038,-7.772973485021638],[108.79553955805427,-7.7208325303240315],[108.82301076869109,-7.678783373309833],[108.96036682187516,-7.7225144966045995]]],[[[110.94745105793795,-8.227104380774986],[110.9291369175134,-8.222058481933281],[110.84672328560298,-8.200192920285899],[110.79635939943549,-8.121140505099206],[110.78262379411707,-7.873891461855715],[110.69105309199436,-7.818386574596973],[110.50791168774894,-7.783065282705046],[110.43923366115692,-7.561045733670076],[110.2560922569115,-7.714104665201759],[110.13705034415197,-7.677101407029265],[110.04090110692313,-7.889029158380827],[109.65630415800774,-7.781383316424478],[109.42279886759484,-7.772973485021638],[109.37243498142735,-7.712422698921192],[109.09772287505922,-7.687193204712672],[109.01530924314878,-7.734288260568576],[108.89168879528312,-7.678783373309833],[108.87337465485858,-7.6115047220871155],[108.8001180931604,-7.663645676784721],[108.73601860167452,-7.603094890684275],[108.74517567188678,-7.537498205742125],[108.66734057508248,-7.342390117196242],[108.5528771974291,-7.308750791584883],[108.57576987295977,-7.16410169145604],[108.6948117857193,-7.140554163528089],[108.79096102294814,-7.063183714621962],[108.8001180931604,-6.9353542772987975],[108.89168879528312,-6.812570738817337],[108.98325949740583,-6.839482199306425],[109.00157363783038,-6.789023210889386],[109.14350822612057,-6.8546198958315365],[109.34954230589666,-6.874803491198351],[109.53268371014208,-6.837800233025857],[109.72498218459978,-6.861347760953808],[109.89438798352678,-6.920216580773687],[110.19657130053173,-6.888259221442895],[110.35682002924648,-6.974039501751861],[110.47586194200599,-6.943764108701638],[110.57201117923483,-6.834436300464721],[110.64526774093301,-6.688105234055309],[110.67273895156983,-6.499725010631698],[110.73225990794958,-6.454311921056363],[110.92455838240727,-6.4038529326393245],[111.04817883027293,-6.454311921056363],[111.11685685686497,-6.649420009602246],[111.15806367282019,-6.691469166616445],[111.42819724408218,-6.701560964299852],[111.49229673556808,-6.625872481674294],[111.60676011322147,-6.666239672407926],[111.67085960470736,-6.731836357350075],[111.62965278875214,-6.800796974853362],[111.59760304300919,-6.962265737787885],[111.60676011322147,-7.154009893772631],[111.44651138450672,-7.312114724146019],[111.21758462919995,-7.251563938045573],[111.1992704887754,-7.308750791584883],[111.185534883457,-7.529088374339285],[111.21758462919995,-7.614868654648251],[111.19011341856313,-7.705694833798921],[111.30915533132266,-7.783065282705046],[111.28168412068584,-7.941170113078433],[111.09854271644042,-8.01013073058172],[110.96576519836249,-8.11777657253807],[110.94745105793795,-8.227104380774986]]]]},"properties":{"name":"Jawa Tengah","hcKey":"id-jt","postalCode":"JT"}},{"type":"Feature","geometry":{"type":"MultiPolygon","coordinates":[[[[102.38559040946458,-5.465315748082407],[102.29401970734187,-5.472043613204679],[102.09714269777805,-5.337486310759243],[102.17039925947621,-5.280299457219932],[102.39474747967685,-5.374489568931738],[102.38559040946458,-5.465315748082407]]],[[[101.02576548294235,-2.4798256000742924],[101.17227860633868,-2.3671338592762385],[101.33710587015956,-2.298173241772952],[101.4332551073884,-2.235940489391938],[101.51566873929885,-2.3049011068952243],[101.56603262546633,-2.4512321733046356],[101.73543842439335,-2.636248464167112],[101.90026568821422,-2.742212339842892],[102.06967148714124,-2.7825795305765233],[102.2207631456437,-2.9541400911944544],[102.24365582117439,-3.0601039668702352],[102.43137576052594,-3.0886973936398903],[102.48631818179956,-3.1526121123014725],[102.45884697116276,-3.251848122854982],[102.62825277008977,-3.3712677287753063],[102.76560882327384,-3.278759583344069],[102.86633659560881,-3.3779955938975785],[102.97622143815606,-3.3981791892643933],[103.01742825411128,-3.4873234021344954],[102.99453557858061,-3.581513513846301],[102.88007220092722,-3.5747856487240286],[102.89380780624562,-3.6319725022633387],[102.70150933178793,-3.7900773326367263],[102.62825277008977,-3.81194289428411],[102.76560882327384,-3.9599559269740903],[102.9807999732622,-4.035644409599648],[103.14562723708308,-4.045736207283055],[103.1868340530383,-4.240844295828938],[103.61721635301504,-4.417450755288573],[103.62179488812117,-4.504913001878107],[103.76372947641137,-4.802621033538634],[103.73167973066842,-4.841306257991697],[103.60805928280276,-4.9153127743366865],[103.50733151046778,-4.869899684761352],[103.41118227323894,-4.868217718480785],[103.39286813281439,-4.81439479750261],[103.1730984477199,-4.619286708956727],[102.9167004817763,-4.494821204194698],[102.87549366582108,-4.420814687849709],[102.70150933178793,-4.271119688879161],[102.31233384776641,-3.9919132863048805],[102.30317677755414,-3.843900253614901],[102.2207631456437,-3.642064299946747],[102.0650929520351,-3.5495561545155097],[101.63471065205836,-3.251848122854982],[101.41951950207,-2.9255466644247994],[101.3279487999473,-2.740530373562324],[101.10360057974665,-2.5891534083112084],[101.02576548294235,-2.4798256000742924]]]]},"properties":{"name":"Bengkulu","hcKey":"id-be","postalCode":"BE"}},{"type":"Feature","geometry":{"type":"MultiPolygon","coordinates":[[[[105.26091045611767,-6.530000403681921],[105.25633192101154,-6.6292364142354305],[105.18307535931336,-6.672967537530197],[105.1876538944195,-6.546820066487601],[105.26091045611767,-6.530000403681921]]],[[[106.76266997093012,-6.30125298952468],[106.76724850603625,-6.371895573308533],[106.62989245285219,-6.385351303553078],[106.46048665392517,-6.339938213977743],[106.41927983796995,-6.371895573308533],[106.40554423265155,-6.524954504840218],[106.42385837307609,-6.698197031738717],[106.50627200498653,-6.782295345767114],[106.4513295837129,-6.836118266745289],[106.40554423265155,-6.9925411308381085],[106.28192378478589,-6.984131299435269],[106.05299702947912,-6.836118266745289],[105.9614263273564,-6.817616637659041],[105.77370638800485,-6.849573996989832],[105.70502836141281,-6.836118266745289],[105.48525867631831,-6.869757592356648],[105.31127434228516,-6.809206806256202],[105.26091045611767,-6.7671576492420025],[105.36163822845265,-6.66287573984679],[105.45320893057536,-6.810888772536769],[105.62719326460851,-6.615780683990887],[105.61803619439624,-6.531682369962489],[105.67755715077601,-6.472813550142611],[105.70960689651895,-6.533364336243057],[105.78286345821712,-6.511498774595674],[105.82407027417234,-6.434128325689548],[105.83322734438461,-6.228928439460258],[105.88816976565823,-6.0691416428063025],[106.05299702947912,-5.88244338566326],[106.12167505607114,-5.988407261339041],[106.17661747734478,-6.01363675554756],[106.2590311092552,-5.942994171763706],[106.49253639966813,-6.033820350914375],[106.66194219859513,-6.008590856705856],[106.73062022518717,-6.057367878842327],[106.68483487412581,-6.102780968417662],[106.70314901455035,-6.210426810374011],[106.76266997093012,-6.30125298952468]]]]},"properties":{"name":"Banten","hcKey":"id-bt","postalCode":"BT"}},{"type":"Feature","geometry":{"type":"MultiPolygon","coordinates":[[[[108.96036682187516,-1.5732457748481643],[108.93289561123834,-1.6422063923514507],[108.83216783890336,-1.6640719539988353],[108.80927516337267,-1.5648359434453258],[108.90084586549538,-1.5345605503951028],[108.96036682187516,-1.5732457748481643]]],[[[109.60594027184025,-0.9761477452465428],[109.76161046544885,-1.0333345987858529],[109.7799246058734,-1.1325706093393624],[109.47774128886846,-1.2974033048350204],[109.4182203324887,-1.2536721815402547],[109.45484861333779,-1.0030592057356298],[109.60594027184025,-0.9761477452465428]]],[[[110.95660812815022,-2.885179473691169],[110.79635939943549,-2.942366327230479],[110.65900334625141,-3.080287562237051],[110.6177965302962,-2.910408967899688],[110.50791168774894,-2.8734057097271926],[110.26524932712377,-3.001235147050357],[110.205728370744,-2.8969532376551435],[110.24693518669922,-2.7876254294182274],[110.21488544095627,-2.6530681269727907],[110.15994301968264,-2.6194288013614315],[110.21946397606241,-2.5353304873330345],[110.15994301968264,-2.434412510498957],[110.1416288792581,-2.2914453766506817],[110.09584352819675,-2.1972552649388764],[110.13247180904584,-2.069425827615712],[110.07752938777222,-1.9214127949257307],[109.90354505373907,-1.8272226832139253],[110.03632257181698,-1.6455703249125868],[110.06837231755993,-1.4353245398415932],[110.03174403671085,-1.287311507151614],[109.93101626437587,-1.2233967884900316],[109.9218591941636,-1.1039771825697056],[109.83486702714703,-1.0854755534834588],[109.73413925481205,-0.9526002173185901],[109.67919683353843,-0.9845575766493813],[109.48689835908073,-0.8516822404845144],[109.40448472717028,-0.9122330265849605],[109.27170720909237,-0.8533642067650806],[109.26255013888009,-0.666665949622038],[109.46858421865619,-0.7356265671253244],[109.34496377079053,-0.5825676355936409],[109.26255013888009,-0.5909774669964811],[109.12519408569602,-0.5001512878458119],[109.10230141016535,-0.36223005283923904],[109.04735898889172,-0.24449241319948278],[109.12061555058989,-0.2041252224658514],[109.225921858031,-0.23608258179664254],[109.18929357718193,-0.17721376197676442],[109.16182236654511,0.033032023094229146],[109.29917841972917,0.011166461446846299],[109.16640090165124,0.11208443828092385],[109.10230141016535,0.24327780816522449],[108.92373854102607,0.34083185243816416],[108.94663121655674,0.4451137618333778],[108.91000293570767,0.5308940421423429],[108.92373854102607,0.6402218503792607],[108.85506051443403,0.8302840400834395],[108.9420526814506,0.8824249947810454],[108.97868096229969,0.9951167355790993],[108.93289561123834,1.180133026441574],[108.98325949740583,1.2171362846140674],[109.06109459421013,1.3853329126708633],[109.09314433995308,1.5602574058499297],[109.25339306866782,1.6662212815257114],[109.34954230589666,1.8108703816545546],[109.3403852356844,1.935335886416583],[109.5601549207789,1.9908407736753269],[109.62883294737094,2.0312079644089565],[109.52810517503595,1.8916047631218174],[109.5464193154605,1.8142343142156907],[109.64256855268934,1.7789130223237635],[109.64256855268934,1.6376278547560563],[109.67919683353843,1.573713136094474],[109.8440240973593,1.4021525754765438],[109.93101626437587,1.3802870138291592],[109.97680161543722,1.28946083467849],[110.09584352819675,1.1902248241249804],[110.16910008989493,1.1734051613193017],[110.26524932712377,0.9951167355790993],[110.35224149414034,0.9867069041762591],[110.42091952073237,0.9076544889895644],[110.55827557391643,0.8521496017308223],[110.78262379411707,0.9059725227089963],[110.85130182070911,0.9951167355790993],[111.19469195366926,1.0758511170463603],[111.35036214727788,1.013618364665346],[111.53808208662943,1.0001626344208017],[111.65712399938896,1.0287560611904567],[111.82195126320983,1.0068904995430739],[111.9089434302264,1.1128543752188556],[112.10124190468409,1.1565854985136212],[112.18365553659453,1.3685132498651846],[112.1790770014884,1.4475656650518776],[112.46752471317494,1.5653033046916338],[112.76970803017988,1.5552115070082273],[112.85212166209031,1.5804410012167462],[113.02152746101733,1.5367098779219788],[112.95742796953144,1.4156083057210864],[113.08562695250322,1.4307460022461989],[113.32371077802227,1.3516935870595042],[113.39696733972045,1.2961886998007621],[113.50227364716156,1.316372295167577],[113.64878677055789,1.233955947419748],[113.80903549927262,1.3399198230955296],[113.90976327160762,1.4408377999296054],[114.05627639500395,1.464385327857558],[114.20736805350643,1.4374738673684693],[114.19363244818801,1.213772352052933],[113.86397792054626,0.9782970727734188],[113.86397792054626,0.9026085901478602],[113.95097008756284,0.8639233656947987],[113.91434180671375,0.7377758946522022],[113.77698575352969,0.5578055026314299],[113.64420823545176,0.4114744362220186],[113.62131555992107,0.3105564593879411],[113.52974485779836,0.26177943725147124],[113.41986001525112,0.2769171337765819],[113.32371077802227,0.2466417407263588],[113.4564882961002,0.06667134870558833],[113.47938097163087,-0.049384324653599876],[113.42901708546339,-0.18898752594074075],[113.32371077802227,-0.252902244602323],[113.2504542163241,-0.360548086558671],[113.30081810249159,-0.42109887265911716],[113.25503275143024,-0.5506102762628498],[113.15888351420139,-0.4698758947955888],[113.00321332059279,-0.5203348832126267],[112.58198809082832,-0.7053511740751013],[112.38053254615836,-0.7524462299310049],[112.1149775100025,-0.7339446008447563],[111.64796692917668,-1.0148329696996043],[111.57928890258465,-1.1880754965981044],[111.41446163876377,-1.2671279117847973],[111.3274694717472,-1.373091787460579],[111.1351709972895,-1.5311966178339667],[111.01155054942384,-1.5244687527116945],[110.91997984730114,-1.6136129655817957],[111.01612908452998,-1.6623899877182673],[111.03444322495453,-1.7431243691855283],[110.99781494410544,-1.983645547306745],[111.01155054942384,-2.126612681155022],[111.1351709972895,-2.4024551511681658],[111.1351709972895,-2.7354844747206197],[111.07107150580362,-2.767441834051411],[110.95660812815022,-2.885179473691169]]]]},"properties":{"name":"Kalimantan Barat","hcKey":"id-kb","postalCode":"KB"}},{"type":"Feature","geometry":{"type":"MultiPolygon","coordinates":[[[[106.8633977432651,-3.026464641258876],[106.7214631549749,-2.96591385515843],[106.81303385709761,-2.8919073388134393],[106.90918309432645,-2.9272286307053665],[106.8633977432651,-3.026464641258876]]],[[[107.4952355879118,-2.8767696422883287],[107.40824342089522,-2.9474122260721822],[107.33956539430318,-2.886861439971737],[107.4586073070627,-2.8229467213101547],[107.4952355879118,-2.8767696422883287]]],[[[107.66921992194494,-2.5605599815415534],[107.84778279108423,-2.548786217577577],[107.98971737937443,-2.575697678066664],[108.03092419532965,-2.6429763292893824],[108.06755247617873,-2.5925173408723445],[108.20032999425666,-2.6799795874618777],[108.26442948574255,-2.7573500363680044],[108.29190069637937,-2.8649958783243523],[108.2049085293628,-3.0062810458920604],[108.20948706446893,-3.134110483215225],[108.0904451517094,-3.16270390998488],[108.07213101128487,-3.2283005949270303],[107.99429591448056,-3.2417563251715737],[107.96682470384374,-3.1509301460209045],[107.8706754666149,-3.053376101747963],[107.83862572087196,-3.144202280898633],[107.63259164109586,-3.2417563251715737],[107.59596336024677,-3.2047530669990794],[107.64174871130813,-3.1189727866901134],[107.58222775492837,-3.0096449784531965],[107.60969896556517,-2.918818799302528],[107.59138482514064,-2.7859434631376594],[107.64174871130813,-2.748940204965164],[107.66921992194494,-2.5605599815415534]]],[[[106.70772754965648,-3.0920613262010264],[106.52000761030493,-3.0937432924815944],[106.44675104860677,-2.9793695854029734],[106.09420384543434,-2.8414483503964014],[105.98889753799321,-2.8212647550295866],[105.90190537097664,-2.6278386327642718],[105.94311218693186,-2.498327229160539],[105.82864880927848,-2.3940453197653255],[105.79659906353552,-2.1720257707303556],[105.60887912418397,-2.1131569509104775],[105.56767230822875,-2.0677438613351438],[105.45320893057536,-2.1215667823133177],[105.30669580717903,-2.1367044788384284],[105.23343924548087,-2.069425827615712],[105.14644707846429,-2.0778356590185503],[105.15560414867656,-1.934868525170275],[105.37537383377106,-1.8238587506527892],[105.3936879741956,-1.736396504063256],[105.35248115824038,-1.6472522911931549],[105.46236600078764,-1.5648359434453258],[105.59514351886557,-1.5244687527116945],[105.62719326460851,-1.6136129655817957],[105.70502836141281,-1.653980156315427],[105.65466447524533,-1.707803077293601],[105.71418543162508,-1.7733997622357514],[105.81491320396006,-1.791901391321998],[105.75081371247417,-1.704439144732465],[105.71876396673122,-1.5227867864311264],[105.83322734438461,-1.5194228538699903],[105.91564097629505,-1.4941933596614714],[106.04383995926685,-1.5934293702149809],[106.03468288905457,-1.67584571796281],[106.17203894223863,-1.877681671630965],[106.16288187202636,-2.0088750415152656],[106.26360964436134,-2.353678129031696],[106.35518034648405,-2.46468790354918],[106.83592653262828,-2.5672878466638256],[106.73977729539943,-2.6143829025197274],[106.67109926880741,-2.6984812165481262],[106.61157831242764,-2.8700417771660565],[106.61157831242764,-2.940684360949911],[106.73977729539943,-3.0062810458920604],[106.70772754965648,-3.0920613262010264]]]]},"properties":{"name":"Bangka-Belitung","hcKey":"id-bb","postalCode":"BB"}},{"type":"Feature","geometry":{"type":"MultiPolygon","coordinates":[[[[115.5717715151348,-8.671143478844925],[115.62213540130229,-8.767015556837299],[115.59008565555934,-8.809064713851498],[115.47104374279982,-8.73337623122594],[115.5717715151348,-8.671143478844925]]],[[[114.69269277475678,-8.136278201624316],[114.85752003857766,-8.193465055163626],[115.02234730239854,-8.17496342607738],[115.13681068005192,-8.074045449243302],[115.21464577685623,-8.05890775271819],[115.50309348854276,-8.173281459796812],[115.713706103425,-8.373435447184397],[115.60382126087774,-8.501264884507561],[115.32453061940348,-8.62573038926959],[115.2100672417501,-8.726648366103667],[115.23295991728077,-8.820838477815473],[115.13681068005192,-8.851113870865696],[115.09102532899057,-8.817474545254337],[115.18717456621941,-8.719920500981395],[115.15512482047646,-8.662733647442085],[114.9261980651697,-8.465943592615634],[114.79799908219789,-8.407074772795756],[114.64232888858929,-8.400346907673484],[114.55075818646658,-8.333068256450765],[114.46834455455614,-8.218694549372145],[114.4500304141316,-8.094229044610117],[114.53702258114818,-8.129550336502044],[114.69269277475678,-8.136278201624316]]]]},"properties":{"name":"Bali","hcKey":"id-ba","postalCode":"BA"}},{"type":"Feature","geometry":{"type":"MultiPolygon","coordinates":[[[[114.39508799285798,-7.1321443321252485],[114.39508799285798,-7.177557421700583],[114.294360220523,-7.140554163528089],[114.32640996626594,-7.0497279843774185],[114.39508799285798,-7.1321443321252485]]],[[[115.37947304067711,-6.834436300464721],[115.56719298002866,-6.905078884248574],[115.5580359098164,-6.940400176140502],[115.38405157578325,-6.9101247830902786],[115.29705940876667,-7.00767882736322],[115.21922431196236,-6.9067608505291425],[115.27874526834212,-6.834436300464721],[115.37947304067711,-6.834436300464721]]],[[[112.71476560890625,-5.73443035297328],[112.73307974933078,-5.828620464685085],[112.604880766359,-5.848804060051901],[112.58198809082832,-5.793299172793158],[112.64608758231422,-5.7310664204121435],[112.71476560890625,-5.73443035297328]]],[[[113.44733122588792,-6.883213322601192],[113.52516632269223,-6.894987086565167],[113.99217690351806,-6.878167423759487],[114.12495442159599,-6.982449333154701],[113.90976327160762,-7.046364051816283],[113.83192817480331,-7.1321443321252485],[113.66710091098244,-7.110278770477866],[113.584687279072,-7.154009893772631],[113.54805899822291,-7.233062308959326],[113.16346204930753,-7.22128854499535],[113.12683376845845,-7.22969837639819],[112.82007191634736,-7.1607377588949035],[112.72392267911852,-7.1590557926143354],[112.70103000358785,-7.034590287852307],[112.79260070571056,-6.985813265715837],[112.84296459187804,-6.9084428168097105],[113.06731281207868,-6.8815313563206235],[113.14514790888299,-6.893305120284599],[113.44733122588792,-6.883213322601192]]],[[[111.67085960470736,-6.731836357350075],[111.71664495576871,-6.770521581803139],[111.88605075469573,-6.809206806256202],[111.9730429217123,-6.783977312047682],[112.06461362383502,-6.894987086565167],[112.1928126068068,-6.9067608505291425],[112.36221840573381,-6.871439558637216],[112.49957445891789,-6.9084428168097105],[112.604880766359,-6.905078884248574],[112.58198809082832,-6.989177198276972],[112.66440172273876,-7.054773883219123],[112.60945930146514,-7.0783214111470745],[112.68271586316331,-7.175875455420015],[112.604880766359,-7.192695118225695],[112.70103000358785,-7.256609836887277],[112.78344363549829,-7.206150848470238],[112.82007191634736,-7.261655735728981],[112.81091484613509,-7.407986802138392],[112.76512949507374,-7.532452306900421],[112.84296459187804,-7.594685059281435],[113.03526306633573,-7.653553879101313],[113.13599083867072,-7.729242361726872],[113.24129714611183,-7.739334159410279],[113.30081810249159,-7.791475114107886],[113.52974485779836,-7.700648934957217],[113.80445696416649,-7.7225144966045995],[113.94181301735057,-7.677101407029265],[114.01964811415486,-7.618232587209387],[114.14326856202052,-7.698966968676649],[114.2577319396739,-7.700648934957217],[114.38135238753956,-7.756153822215959],[114.46834455455614,-7.830160338560949],[114.44545187902547,-8.015176629423424],[114.36303824711503,-8.408756739076324],[114.37677385243343,-8.51976651359381],[114.42255920349479,-8.464261626335066],[114.46376601945,-8.617320557866751],[114.58738646731567,-8.662733647442085],[114.59654353752794,-8.777107354520705],[114.36761678222116,-8.740104096348212],[114.38593092264571,-8.666097580003221],[114.30351729073527,-8.613956625305615],[114.19821098329415,-8.644232018355838],[114.03338371947328,-8.605546793902775],[113.98301983330578,-8.620684490427887],[113.81361403437877,-8.506310783349265],[113.72204333225606,-8.523130446154944],[113.63962970034562,-8.457533761212796],[113.41070294503885,-8.38857314370951],[113.34660345355294,-8.324658425047927],[113.20009033015661,-8.275881402911455],[112.98947771527438,-8.322976458767359],[112.9024855482578,-8.40371084023462],[112.83380752166578,-8.376799379745533],[112.6689802578449,-8.449123929809955],[112.44463203764425,-8.391937076270645],[112.33932573020314,-8.334750222731333],[111.92725757065095,-8.302792863400544],[111.79448005257302,-8.25569780754464],[111.67085960470736,-8.368389548342694],[111.62965278875214,-8.322976458767359],[111.44651138450672,-8.31288466108395],[111.44193284940059,-8.277563369192023],[111.2633699802613,-8.248969942422368],[111.1717992781386,-8.284291234314296],[111.09396418133429,-8.208602751688737],[111.06191443559133,-8.25569780754464],[110.94745105793795,-8.227104380774986],[110.96576519836249,-8.11777657253807],[111.09854271644042,-8.01013073058172],[111.28168412068584,-7.941170113078433],[111.30915533132266,-7.783065282705046],[111.19011341856313,-7.705694833798921],[111.21758462919995,-7.614868654648251],[111.185534883457,-7.529088374339285],[111.1992704887754,-7.308750791584883],[111.21758462919995,-7.251563938045573],[111.44651138450672,-7.312114724146019],[111.60676011322147,-7.154009893772631],[111.59760304300919,-6.962265737787885],[111.62965278875214,-6.800796974853362],[111.67085960470736,-6.731836357350075]]]]},"properties":{"name":"Jawa Timur","hcKey":"id-ji","postalCode":"JI"}},{"type":"Feature","geometry":{"type":"MultiPolygon","coordinates":[[[[116.39132929913305,-3.6319725022633387],[116.32722980764716,-3.53273649170983],[116.40506490445145,-3.3729496950558744],[116.43253611508827,-3.4099529532283697],[116.39132929913305,-3.6319725022633387]]],[[[116.05251770127902,-3.478913570731655],[116.12577426297719,-3.3191267740776995],[116.26770885126739,-3.219890763524191],[116.26313031616125,-3.4049070543866655],[116.31807273743487,-3.497415199817903],[116.27686592147967,-3.5125528963430144],[116.30433713211647,-3.7160708162917366],[116.30433713211647,-3.9061330059959154],[116.12119572787105,-4.030598510757944],[116.04793916617288,-4.0221886793551045],[116.08914598212812,-3.926316601362731],[116.0754103768097,-3.8018510966007026],[116.01131088532381,-3.6487921650690183],[116.05251770127902,-3.478913570731655]]],[[[116.57447070337847,-2.3620879604345344],[116.53784242252938,-2.515146891966218],[116.3089156672226,-2.516828858246786],[116.39590783423918,-2.574015711786098],[116.36385808849624,-2.6513861606922227],[116.36843662360238,-2.8229467213101547],[116.33638687785943,-2.9238646981442313],[116.24023764063058,-3.0079630121726284],[116.14866693850787,-2.8179008224684505],[116.11203865765879,-3.004599079611493],[116.16240254382627,-3.002917113330925],[116.26770885126739,-3.135792449495793],[116.16240254382627,-3.17111374138772],[116.01131088532381,-3.450320143962],[115.96552553426245,-3.6067430080548197],[115.83732655129066,-3.6319725022633387],[115.75949145448635,-3.699251153486057],[115.5855071204532,-3.778303568672751],[115.05897558324762,-3.9868673874631773],[114.8758341790022,-4.070965701491574],[114.71100691518133,-4.168519745764516],[114.62401474816475,-4.168519745764516],[114.63317181837702,-4.013778847952264],[114.6057006077402,-3.8539920512983086],[114.61485767795247,-3.6824314906803775],[114.53702258114818,-3.563011884760053],[114.55075818646658,-3.3477202008473554],[114.50039430029909,-3.38472345901985],[114.48665869498069,-3.4890053684150635],[114.3080958258414,-3.4318185148757525],[114.47292308966229,-3.002917113330925],[114.50497283540523,-2.8801335748494648],[114.62859328327089,-2.8212647550295866],[114.78426347687949,-2.68670745258415],[114.82547029283471,-2.5605599815415534],[114.90788392474515,-2.4192748139738445],[114.90330538963902,-2.264533916161593],[115.13223214494579,-2.209029028902851],[115.32910915450961,-2.0391504345654887],[115.35658036514643,-1.902911165839484],[115.33826622472189,-1.7649899308329111],[115.42525839173845,-1.4336425735610252],[115.67707782257591,-1.3629999897771707],[115.67707782257591,-1.423550775877617],[115.5717715151348,-1.5160589213088542],[115.63129247151456,-1.5227867864311264],[115.74117731406182,-1.7851735261997277],[115.74575584916795,-2.0021471763929934],[115.82816948107839,-2.045878299687759],[115.81443387575997,-2.182117568413764],[115.87395483213973,-2.348632230189992],[115.99299674489926,-2.271261781283865],[116.04336063106675,-2.2863994778089776],[116.39132929913305,-2.3133109382980646],[116.57447070337847,-2.3620879604345344]]]]},"properties":{"name":"Kalimantan Selatan","hcKey":"id-ks","postalCode":"KS"}},{"type":"Feature","geometry":{"type":"MultiPolygon","coordinates":[[[[121.94051384776927,-10.432162174599572],[121.99545626904289,-10.442253972282979],[121.99087773393676,-10.519624421189105],[121.85810021585883,-10.603722735217502],[121.68869441693181,-10.565037510764439],[121.94051384776927,-10.432162174599572]]],[[[123.46058750300625,-10.213506558125738],[123.39648801152035,-10.225280322089713],[123.41480215194488,-10.331244197765495],[123.33696705514059,-10.337972062887767],[123.32323144982217,-10.267329479103912],[123.40106654662648,-10.156319704586426],[123.50179431896146,-10.171457401111539],[123.46058750300625,-10.213506558125738]]],[[[119.67413897023219,-8.659369714880949],[119.78860234788559,-8.640868085794702],[119.71076725108128,-8.694691006772876],[119.69703164576288,-8.79897291616809],[119.60546094364017,-8.770379489398435],[119.67413897023219,-8.659369714880949]]],[[[119.4681048904561,-8.481081289140747],[119.57341119789722,-8.506310783349265],[119.56883266279108,-8.588727131097095],[119.50473317130519,-8.565179603169144],[119.44063367981929,-8.677871343967198],[119.4681048904561,-8.740104096348212],[119.37653418833338,-8.723284433542531],[119.37653418833338,-8.573589434571984],[119.41316246918248,-8.444078030968251],[119.4681048904561,-8.481081289140747]]],[[[123.16756125621357,-8.432304267004277],[123.16298272110744,-8.476035390299042],[123.00731252749884,-8.506310783349265],[122.95694864133134,-8.587045164816526],[122.88369207963318,-8.581999265974824],[122.99815545728656,-8.449123929809955],[123.16756125621357,-8.432304267004277]]],[[[123.2866031689731,-8.248969942422368],[123.33238852003446,-8.254015841264073],[123.32323144982217,-8.383527244867805],[123.03936227324178,-8.41212067163746],[123.03478373813564,-8.333068256450765],[123.18587539663812,-8.23215027961669],[123.2866031689731,-8.248969942422368]]],[[[124.23435993594315,-8.383527244867805],[124.16568190935111,-8.528176344996648],[124.05121853169773,-8.539950108960625],[124.01916878595478,-8.430622300723709],[123.9047054083014,-8.45416982865166],[123.98711904021182,-8.33811415529247],[124.05579706680386,-8.30615679596168],[124.11073948807748,-8.385209211148373],[124.25725261147382,-8.180009324919084],[124.3076164976413,-8.220376515652713],[124.29845942742904,-8.319612526206223],[124.23435993594315,-8.383527244867805]]],[[[122.84248526367796,-10.919932395964278],[122.810435517935,-10.780329194677137],[123.04851934345405,-10.711368577173852],[123.16298272110744,-10.633998128267725],[123.22708221259333,-10.544853915397624],[123.38275240620194,-10.43384414088014],[123.37359533598968,-10.57344734216728],[123.41022361683875,-10.677729251562493],[123.35070266045899,-10.672683352720789],[123.24539635301788,-10.734916105101803],[123.2087680721688,-10.813968520288496],[122.98441985196816,-10.866109474986104],[122.97068424664975,-10.904794699439165],[122.84248526367796,-10.919932395964278]]],[[[119.97632228723714,-9.991487009090768],[119.69703164576288,-9.851883807803627],[119.67413897023219,-9.799742853106022],[119.47726196066837,-9.749283864688982],[119.4040053989702,-9.791333021703181],[119.28496348621067,-9.742555999566711],[119.17507864366343,-9.739192067005575],[119.03772259047936,-9.676959314624561],[118.94157335325052,-9.569313472668211],[119.0285655202671,-9.436438136503343],[119.17050010855729,-9.384297181805737],[119.63293215427697,-9.342248024791537],[119.82065209362852,-9.377569316683465],[119.94427254149419,-9.290107070093931],[120.00837203298009,-9.35738572131665],[120.06789298935985,-9.443166001625615],[120.241877323393,-9.508762686567765],[120.2693485340298,-9.641638022732634],[120.47996114891204,-9.643319989013202],[120.58068892124703,-9.734146168163871],[120.66768108826359,-9.885523133414987],[120.79130153612925,-9.962893582321113],[120.82792981697834,-10.090723019644276],[120.70888790421881,-10.205096726722898],[120.56695331592861,-10.228644254650849],[120.45248993827522,-10.312742568679246],[120.38839044678933,-10.262283580262208],[120.15488515637642,-10.220234423248009],[120.0358432436169,-10.11258858129166],[119.97632228723714,-9.991487009090768]]],[[[123.67577865299461,-8.440714098407115],[123.65746451257007,-8.405392806515188],[123.54757967002283,-8.571907468291416],[123.49721578385532,-8.523130446154944],[123.40106654662648,-8.585363198535958],[123.32323144982217,-8.536586176399489],[123.22708221259333,-8.524812412435512],[123.35528119556513,-8.410438705356892],[123.46974457321852,-8.365025615781558],[123.47432310832465,-8.322976458767359],[123.36901680088354,-8.316248593645087],[123.41480215194488,-8.269153537789185],[123.56589381044736,-8.2472879761418],[123.51552992427987,-8.336432189011902],[123.56589381044736,-8.376799379745533],[123.63915037214554,-8.222058481933281],[123.70782839873756,-8.245606009861234],[123.79939910086027,-8.178327358638516],[123.94133368915047,-8.242242077300098],[123.77192789022345,-8.307838762242248],[123.67577865299461,-8.440714098407115]]],[[[124.66474223591987,-8.168235560955107],[125.09054600079048,-8.159825729552267],[125.13633135185184,-8.233832245897258],[125.12259574653342,-8.35493381809815],[124.76547000825487,-8.407074772795756],[124.65100663060147,-8.405392806515188],[124.41750134018856,-8.465943592615634],[124.33050917317199,-8.41212067163746],[124.4083442699763,-8.304474829681112],[124.39918719976401,-8.222058481933281],[124.44955108593152,-8.149733931868859],[124.56859299869103,-8.131232302782612],[124.60064274443398,-8.205238819127603],[124.66474223591987,-8.168235560955107]]],[[[123.74445667958665,-10.050355828910646],[123.57505088065963,-10.011670604457583],[123.6483074423578,-9.887205099695555],[123.6483074423578,-9.774513358897503],[123.68951425831303,-9.61136262968241],[123.86349859234616,-9.48857909120095],[123.99169757531797,-9.34897588991381],[124.11989655828975,-9.428028305100504],[124.19315311998793,-9.374205384122329],[124.25725261147382,-9.500352855164925],[124.31219503274744,-9.48857909120095],[124.34882331359653,-9.375887350402897],[124.42665841040083,-9.30019886777734],[124.44955108593152,-9.179097295576447],[124.5640144635849,-9.172369430454175],[124.69221344655669,-9.066405554778393],[124.92114020186347,-8.963805611663748],[124.94861141250028,-9.079861285022938],[125.08596746568435,-8.9873531395917],[125.16380256248866,-9.063041622217257],[125.14090988695797,-9.187507126979286],[124.97150408803095,-9.19255302582099],[124.95318994760642,-9.239648081676894],[125.01728943909231,-9.34056605851097],[125.05849625504753,-9.48857909120095],[125.0035538337739,-9.533992180776284],[124.97150408803095,-9.663503584380017],[124.84788364016529,-9.747601898408414],[124.73342026251191,-9.902342796220665],[124.54112178805423,-10.036900098666102],[124.41750134018856,-10.164729535989267],[124.11989655828975,-10.173139367392107],[124.03748292637931,-10.275739310506752],[123.93675515404433,-10.295922905873567],[123.82229177639095,-10.363201557096286],[123.71698546894983,-10.369929422218558],[123.57505088065963,-10.337972062887767],[123.46974457321852,-10.358155658254582],[123.49263724874919,-10.24546391745653],[123.54757967002283,-10.184913131356083],[123.74903521469278,-10.097450884766548],[123.74445667958665,-10.050355828910646]]],[[[122.97984131686202,-8.144688033027155],[123.02104813281724,-8.333068256450765],[122.90658475516385,-8.365025615781558],[122.89742768495158,-8.46089769377393],[122.80127844772274,-8.435668199565411],[122.84706379878409,-8.550041906644033],[122.80585698282887,-8.61059269274448],[122.5631946222037,-8.669461512564357],[122.41210296370122,-8.743468028909348],[122.11449818180242,-8.731694264945371],[122.00461333925516,-8.802336848729226],[121.79400072437292,-8.884753196477055],[121.68869441693181,-8.851113870865696],[121.64748760097659,-8.906618758124438],[121.62459492544592,-8.835976174340583],[121.39566817013915,-8.795608983606954],[121.34072574886551,-8.920074488368982],[121.16674141483236,-8.893163027879895],[121.06601364249738,-8.941940050016365],[120.92407905420718,-8.925120387210686],[120.83250835208447,-8.817474545254337],[120.76383032549245,-8.86456960111024],[120.64478841273292,-8.842704039462856],[120.59442452656543,-8.797290949887522],[120.37923337657706,-8.795608983606954],[120.241877323393,-8.820838477815473],[120.13199248084575,-8.770379489398435],[119.97632228723714,-8.812428646412632],[119.92137986596352,-8.872979432513079],[119.80691648831012,-8.74178606262878],[119.80691648831012,-8.597136962499935],[119.87101597979603,-8.494537019385291],[120.0221076382985,-8.385209211148373],[120.10909980531507,-8.391937076270645],[120.20982757765005,-8.291019099436568],[120.37923337657706,-8.274199436630887],[120.59442452656543,-8.28092730175316],[120.5898459914593,-8.23215027961669],[120.7455161850679,-8.329704323889631],[120.97444294037467,-8.336432189011902],[121.02938536164831,-8.390255109990077],[121.29036186269802,-8.47771735657961],[121.38193256482073,-8.571907468291416],[121.47350326694344,-8.570225502010848],[121.51013154779253,-8.602182861341639],[121.6108593201275,-8.54331404152176],[121.6108593201275,-8.47771735657961],[121.67953734671954,-8.509674715910402],[121.83520754032816,-8.476035390299042],[121.89014996160176,-8.494537019385291],[122.00919187436129,-8.427258368162573],[122.04124162010424,-8.516402581032674],[122.13739085733309,-8.539950108960625],[122.28848251583557,-8.635822186952998],[122.50367366582392,-8.57695336713312],[122.49451659561166,-8.476035390299042],[122.59982290305277,-8.39530100883178],[122.75549309666138,-8.361661683220422],[122.87911354452704,-8.285973200594864],[122.9523701062252,-8.205238819127603],[122.8745350094209,-8.185055223760786],[122.74175749134298,-8.230468313336122],[122.79212137751047,-8.10936674113523],[122.86537793920863,-8.06731758412103],[122.97984131686202,-8.144688033027155]]]]},"properties":{"name":"Nusa Tenggara Timur","hcKey":"id-nt","postalCode":"NT"}},{"type":"Feature","geometry":{"type":"MultiPolygon","coordinates":[[[[120.86913663293356,-7.2751114659735245],[121.04769950207285,-7.285203263656932],[121.05685657228511,-7.320524555548859],[120.81419421165994,-7.30370489274318],[120.86913663293356,-7.2751114659735245]]],[[[120.7455161850679,-7.07327551230537],[120.77298739570472,-7.1321443321252485],[120.67225962336974,-7.150645961211495],[120.61273866698997,-7.069911579744234],[120.62189573720224,-6.99926899596038],[120.7455161850679,-7.07327551230537]]],[[[121.5971237148091,-2.972641720280702],[121.47350326694344,-3.0197367761366047],[121.27662625737962,-2.8784516085688967],[121.16216287972622,-2.8734057097271926],[121.08890631802807,-2.910408967899688],[121.02938536164831,-2.8162188561878825],[121.07974924781578,-2.7607139689291404],[121.00649268611762,-2.661477958375631],[120.77298739570472,-2.6160648688002954],[120.58526745635317,-2.6816615537424457],[120.54406064039793,-2.745576272404028],[120.20067050743778,-2.9575040237555905],[120.28308413934822,-3.16270390998488],[120.3838119116832,-3.2148448646824868],[120.42501872763842,-3.668975760435834],[120.44791140316909,-3.731208512816848],[120.35634070104638,-3.9330444664850024],[120.35176216594024,-4.09955912826123],[120.37923337657706,-4.16515581320338],[120.36091923615251,-4.388857328518918],[120.40212605210775,-4.573873619381392],[120.44333286806295,-4.627696540359567],[120.38839044678933,-4.827850527747153],[120.31055534998504,-4.873263617322488],[120.30597681487889,-4.991001256962245],[120.26476999892367,-5.1507880536162],[120.37923337657706,-5.335804344478675],[120.45706847338137,-5.626784511016931],[120.32429095530344,-5.5090468713771745],[120.0999427351028,-5.596509117966708],[119.91680133085738,-5.566233724916485],[119.80691648831012,-5.694063162239649],[119.65124629470152,-5.678925465714538],[119.63293215427697,-5.616692713333523],[119.57341119789722,-5.653695971506018],[119.51846877662359,-5.559505859794212],[119.43147660960702,-5.5864173202833],[119.43605514471315,-5.52082063534115],[119.34906297769658,-5.35598793984549],[119.40858393407633,-5.1154667617242735],[119.45894782024382,-5.075099570990642],[119.52304731172973,-4.883355415005896],[119.49099756598677,-4.755525977682732],[119.59172533832177,-4.562099855417417],[119.62835361917084,-4.31316884589336],[119.60546094364017,-4.106286993383502],[119.64666775959539,-3.976775589779769],[119.5963038734279,-4.027234578196808],[119.45436928513769,-3.7127068837306005],[119.50931170641132,-3.5495561545155097],[119.49099756598677,-3.4873234021344954],[119.42231953939475,-3.192979303035103],[119.64208922448924,-3.1206547529706814],[119.5459399872604,-2.9053630690579837],[119.51846877662359,-2.7590320026485724],[119.66040336491379,-2.7573500363680044],[119.78402381277945,-2.696799250267558],[119.7382384617181,-2.5639239141026895],[119.70618871597514,-2.355360095312262],[119.61919654895857,-2.294809309211816],[119.64666775959539,-2.1770716695720598],[119.82523062873466,-2.045878299687759],[119.87101597979603,-1.9550521205370899],[120.04957884893531,-1.8625439751058526],[120.15488515637642,-1.8591800425447165],[120.29224120956049,-1.901229199558916],[120.40670458721388,-1.8356325146167656],[120.44791140316909,-1.8642259413864206],[120.62189573720224,-2.1047471195076373],[120.80503714144766,-2.240986388233642],[121.34988281907778,-2.348632230189992],[121.45061059141277,-2.3889994209236214],[121.78942218926679,-2.6698877897784694],[121.77568658394839,-2.80108115966277],[121.5971237148091,-2.972641720280702]]],[[[120.55779624571635,-5.976633497375065],[120.52116796486726,-6.334892315136039],[120.48911821912432,-6.469449617581475],[120.44791140316909,-6.139784226590156],[120.44791140316909,-5.8420761949296285],[120.48911821912432,-5.769751644865207],[120.55779624571635,-5.976633497375065]]]]},"properties":{"name":"Sulawesi Selatan","hcKey":"id-se","postalCode":"SE"}},{"type":"Feature","geometry":{"type":"MultiPolygon","coordinates":[[[[104.54665897956053,-0.3958693784505982],[104.59244433062189,-0.48164965875956334],[104.51003069871146,-0.612843028643864],[104.41845999658874,-0.5724758379102326],[104.35436050510285,-0.6616200507803356],[104.33604636467831,-0.5422004448600095],[104.258211267874,-0.4766037599178592],[104.3223107593599,-0.3672759516809432],[104.38183171573966,-0.40091527729230236],[104.46882388275623,-0.3302726935084479],[104.54665897956053,-0.3958693784505982]]],[[[104.51003069871146,0.2331860104818162],[104.55123751466667,0.226458145359544],[104.68859356785073,0.07003528126672443],[104.6840150327446,0.034713989374797194],[104.53292337424213,0.16927129182023393],[104.51003069871146,0.2331860104818162]]],[[[104.2444756625556,0.6974087039185708],[104.1941117763881,0.7445037597744744],[104.27652540829854,0.78823488306924],[104.29483954872309,0.7075005016019791],[104.2444756625556,0.6974087039185708]]],[[[103.4203393434512,0.8740151633782052],[103.51191004557391,0.7428217934939063],[103.49817444025551,0.6267661201347163],[103.41576080834507,0.6570415131849394],[103.34708278175304,0.7646873551412892],[103.35623985196531,0.8740151633782052],[103.4203393434512,0.8740151633782052]]],[[[103.83698603810953,0.7697332539829933],[103.72710119556228,0.8454217366085501],[103.74541533598682,0.8925167924644537],[103.81409336257886,0.842057804047414],[103.83698603810953,0.7697332539829933]]],[[[104.17579763596356,0.8841069610616135],[104.26736833808627,0.8538315680113904],[104.18953324128196,0.8016906133137844],[104.09338400405312,0.8807430285004774],[104.11169814447767,0.9530675785648999],[104.17579763596356,0.8841069610616135]]],[[[103.9102425998077,1.0068904995430739],[103.96976355618746,0.9480216797231957],[103.9102425998077,0.9379298820397874],[103.84614310832181,1.01025443210421],[103.9102425998077,1.0068904995430739]]],[[[103.44323201898189,1.013618364665346],[103.36081838707145,1.0052085332625058],[103.31503303601009,1.064077353082384],[103.39286813281439,1.1296740380245343],[103.44323201898189,1.013618364665346]]],[[[104.15290496043289,1.1397658357079425],[104.13001228490221,1.0489396565572733],[104.04759865299177,0.983342971615123],[103.95144941576292,1.013618364665346],[103.90108552959543,1.090988813571471],[104.04302011788563,1.180133026441574],[104.15290496043289,1.1397658357079425]]],[[[108.84590344422176,2.8520075093261177],[108.77264688252359,2.887328801218045],[108.85506051443403,3.001702508296665],[108.89626733038925,2.9832008792104183],[108.84590344422176,2.8520075093261177]]],[[[105.77828492311099,2.978154980368714],[105.81491320396006,2.9058304303042917],[105.69587129120055,2.885646834937477],[105.72334250183735,2.976473014088146],[105.69129275609441,3.060571328116545],[105.77828492311099,2.978154980368714]]],[[[106.24071696883067,3.225404023612203],[106.28650231989202,3.1783089677563012],[106.28650231989202,3.085800822325064],[106.20866722308772,3.1295319456198296],[106.24071696883067,3.225404023612203]]],[[[104.73437891891209,-0.21253505386869165],[104.5420804444544,-0.2730858399691378],[104.44593120722556,-0.21926291899096384],[104.52376630402986,-0.0090171339199685],[104.58786579551575,0.00948449516627825],[104.73437891891209,-0.12507280727915848],[104.76642866465504,-0.18898752594074075],[104.84884229656548,-0.14021050380426914],[104.93125592847592,-0.23608258179664254],[105.00909102528023,-0.27981370509141],[104.85342083167161,-0.3033612330193609],[104.73437891891209,-0.21253505386869165]]],[[[104.23074005723718,1.092670779852039],[104.4001458561642,1.2019985880889568],[104.59244433062189,1.1969526892472526],[104.65654382210779,1.0977166786937431],[104.65196528700166,0.9177462866729726],[104.59702286572802,0.8370119052057117],[104.48255948807464,0.8605594331336626],[104.42303853169489,0.9547495448454679],[104.45050974233169,1.0590314542406798],[104.31315368914763,1.0052085332625058],[104.2444756625556,1.0169822972264821],[104.23074005723718,1.092670779852039]]],[[[108.09502368681554,3.69635458217123],[108.24153681021188,3.81241025553042],[108.0629739410726,3.8578233451057535],[107.98513884426829,4.010882276637437],[108.22322266978733,4.246357555916951],[108.30563630169777,4.088252725543564],[108.39262846871435,3.9957445801123264],[108.40636407403275,3.876324974192002],[108.31479337191004,3.681216885646119],[108.17285878361984,3.652623458876464],[108.09502368681554,3.69635458217123]]]]},"properties":{"name":"Kepulauan Riau","hcKey":"id-kr","postalCode":"KR"}},{"type":"Feature","geometry":{"type":"MultiPolygon","coordinates":[[[[133.556257412035,-4.23075249814553],[133.46468670991229,-4.2442082283900735],[133.33190919183437,-4.166837779483948],[133.33190919183437,-4.109650925944638],[133.46926524501842,-4.203841037656443],[133.556257412035,-4.23075249814553]]],[[[134.37581519603324,-2.150160209082973],[134.33460838007804,-2.0828815578602544],[134.38497226624554,-2.0021471763929934],[134.42617908220075,-2.0324225694432165],[134.37581519603324,-2.150160209082973]]],[[[134.1880952566817,-1.9214127949257307],[134.16978111625716,-1.8289046494944934],[134.2247235375308,-1.7464883017466644],[134.24303767795533,-1.7952653238831342],[134.1880952566817,-1.9214127949257307]]],[[[129.9575288186125,-1.1779836989146961],[129.86137958138366,-1.23180661989287],[129.74691620373028,-1.201531226842647],[129.86137958138366,-1.1426624070227689],[129.9575288186125,-1.1779836989146961]]],[[[130.84118609409666,-0.7692658927366836],[130.9235997260071,-0.7810396567006599],[130.818293418566,-0.8685019032901931],[130.61683787389603,-0.9088690940238244],[130.44285353986288,-0.892049431218144],[130.44743207496902,-0.8163609485925871],[130.7313012515494,-0.8264527462759936],[130.84118609409666,-0.7692658927366836]]],[[[130.55731691751626,-0.07293185258155077],[130.82287195367212,-0.003971235078266133],[131.15252648131388,-0.08302365026495906],[131.2990396047102,-0.15871213289051767],[131.34024642066544,-0.27813173881084197],[131.23951864833043,-0.389141513328326],[131.09758406004025,-0.3235448283861757],[131.02432749834207,-0.36559398540037513],[130.9510709366439,-0.34541039003356033],[130.87781437494573,-0.25458421088289107],[130.79540074303532,-0.2377645480772106],[130.6946729707003,-0.08134168398439101],[130.63057347921443,-0.14021050380426914],[130.81371488345985,-0.31849892954447334],[130.886971445158,-0.2966333678970887],[130.94649240153777,-0.3672759516809432],[130.86407876962733,-0.4295087040619574],[130.73587978665554,-0.4396005017453657],[130.69009443559418,-0.2899055027748165],[130.5756310579408,-0.33531859235015204],[130.5618954526224,-0.4261447715008213],[130.6259949441083,-0.4093251086951426],[130.69009443559418,-0.4631480296733166],[130.64430908453284,-0.5270627483348989],[130.46116768028742,-0.5270627483348989],[130.50695303134876,-0.44128246802593374],[130.5618954526224,-0.4261447715008213],[130.50695303134876,-0.251220278321755],[130.44743207496902,-0.2831776376525461],[130.23224092498063,-0.21253505386869165],[130.40164672390765,-0.21253505386869165],[130.41080379411991,-0.14189247008483719],[130.30091895157267,-0.17384982941562832],[130.278026276042,-0.1048892119123419],[130.3833325834831,-0.07293185258155077],[130.42453939943832,-0.1048892119123419],[130.50695303134876,-0.04602039209246378],[130.55731691751626,-0.07293185258155077]]],[[[130.33754723242174,-1.9483242554148177],[130.25513360051133,-2.045878299687759],[129.92547907286956,-2.0021471763929934],[129.71486645798734,-1.879363637911533],[130.00789270478,-1.7481702680272324],[130.21850531966223,-1.736396504063256],[130.35586137284628,-1.6960293133296265],[130.35128283774014,-1.7431243691855283],[130.43827500475675,-1.850770211141878],[130.346704302634,-1.9264586937674348],[130.43827500475675,-1.9651439182204982],[130.3695969781647,-2.0122389740764],[130.33754723242174,-1.9483242554148177]]],[[[130.76792953239848,-1.2486262826985506],[130.64888761963897,-0.9896034754910854],[130.6809373653819,-0.9576461161602943],[130.89154998026413,-0.8886854986570079],[130.9373353313255,-0.9240067905489351],[131.03348456855434,-0.9155969591460948],[131.07469138450955,-0.9727838126854067],[131.03348456855434,-1.2267607210511677],[130.98312068238687,-1.3495442595326281],[130.85034316430892,-1.3310426304463796],[130.76792953239848,-1.2486262826985506]]],[[[134.87487552260203,-4.25598199235405],[134.7420980045241,-4.203841037656443],[134.6551058375075,-4.1331984538725886],[134.70089118856887,-3.9414542978878426],[134.92981794387566,-3.975093623499202],[134.9115038034511,-3.922952668801595],[134.67341997793207,-3.9078149722764834],[134.5864278109155,-4.00873294911056],[134.5223283194296,-4.027234578196808],[134.43075761730688,-3.9061330059959154],[134.3300298449719,-3.867447781542852],[134.3162942396535,-4.018824746793968],[134.19267379178783,-3.944818230448978],[134.14230990562035,-3.8741756466651243],[134.19267379178783,-3.835490422212061],[134.12857430030192,-3.7463462093419597],[134.09194601945285,-3.8237166582480855],[133.95916850137493,-3.837172388492629],[133.84470512372155,-3.640382333666179],[133.826390983297,-3.722798681414009],[133.70734907053748,-3.611788906896524],[133.64324957905157,-3.4620939079259756],[133.6981920003252,-3.4267726160340493],[133.6844563950068,-3.2316645274881663],[133.8630192641461,-3.081969528517619],[133.85844072903996,-2.9238646981442313],[133.79891977266018,-3.0180548098560367],[133.6707207896884,-3.1206547529706814],[133.66156371947613,-3.362857897372467],[133.556257412035,-3.4351824474368886],[133.58830715777793,-3.5663758173211892],[133.40974428863865,-3.722798681414009],[133.45552963970002,-3.8489461524566053],[133.26780970034847,-4.054146038685895],[133.21286727907483,-4.0776935666138465],[133.0800897609969,-4.060873903808167],[132.96562638334353,-4.113014858505774],[132.79622058441652,-3.9414542978878426],[132.82827033015946,-3.9380903653267065],[132.7321210929306,-3.6841134569609455],[132.75959230356742,-3.6252446371410674],[132.8832127514331,-3.642064299946747],[132.93357663760057,-3.5529200870766457],[132.8328488652656,-3.4620939079259756],[132.81453472484105,-3.283805482185773],[132.69091427697538,-3.337628403163947],[132.5993435748527,-3.2316645274881663],[132.6268147854895,-3.199707168157375],[132.55355822379133,-3.10551705644557],[132.32463146848454,-2.9474122260721822],[132.1872754153005,-2.918818799302528],[132.07739057275325,-2.9558220574750225],[131.97666280041827,-2.915454866741392],[132.0453408270103,-2.804445092223906],[131.96750573020597,-2.794353294540498],[132.2010110206189,-2.6782976211813097],[132.31547439827227,-2.6766156549007416],[132.5856079695343,-2.715300879353805],[132.73669962803675,-2.8078090247850422],[132.83742740037172,-2.7371664410011878],[133.03430440993554,-2.4798256000742924],[133.17166046311962,-2.4226387465349806],[133.3090165163037,-2.444504308182365],[133.40974428863865,-2.5672878466638256],[133.43721549927548,-2.5016911617216753],[133.51962913118592,-2.5908353745917765],[133.6066212982025,-2.5336485210524664],[133.66614225458227,-2.5639239141026895],[133.6844563950068,-2.716982845634373],[133.71650614074974,-2.5117829594050836],[133.81723391308472,-2.6480222281310866],[133.81723391308472,-2.4781436337937244],[133.74397735138655,-2.439458409340661],[133.98663971201174,-2.405819083729302],[133.89506900988903,-2.3620879604345344],[133.95001143116264,-2.294809309211816],[133.84012658861542,-2.298173241772952],[133.79434123755405,-2.2594880173198906],[133.95001143116264,-2.1703438044497876],[133.94085436095037,-2.1081110520687734],[133.7119276056436,-2.1737077370109237],[133.6478281141577,-2.237622455672506],[133.44637256948775,-2.237622455672506],[133.29528091098527,-2.2039831300611468],[132.94273370781286,-2.2847175115284095],[132.81453472484105,-2.24266835451421],[132.70007134718767,-2.3049011068952243],[132.55813675889746,-2.183799534694332],[132.34752414401524,-2.271261781283865],[132.2147466259373,-2.1669798718886533],[132.0728120376471,-2.1064290857882053],[131.9720842653121,-1.9651439182204982],[131.9308774493569,-1.8053571215665425],[132.01786961637347,-1.682573583085082],[131.9171418440385,-1.707803077293601],[131.89424916850783,-1.6035211678983892],[131.96292719509984,-1.539606449236807],[131.80267846638512,-1.6068851004595235],[131.81183553659739,-1.5211048201505584],[131.7248433695808,-1.56988184228703],[131.70652922915627,-1.51101302246715],[131.57375171107833,-1.480737629416927],[131.42723858768198,-1.4992392585031755],[131.37229616640838,-1.39663931538853],[131.2715683940734,-1.3915934165468258],[131.32651081534704,-1.4689638654529524],[131.2074689025875,-1.5227867864311264],[131.12505527067705,-1.452144202647272],[130.96022800685617,-1.4454163375250015],[131.0289060334482,-1.2772197094682056],[131.1799976919507,-1.2166689233677594],[131.25325425364883,-1.0821116209223227],[131.23951864833043,-0.8214068474342895],[131.54628050044153,-0.7356265671253244],[131.51880928980472,-0.784403589261796],[131.88509209829556,-0.6801216798665823],[132.10028324828392,-0.4698758947955888],[132.26968904721093,-0.3840956144866219],[132.43909484613795,-0.34541039003356033],[132.70922841739994,-0.360548086558671],[132.90610542696376,-0.4530562319899083],[132.9747834535558,-0.4429644343065018],[133.05719708546624,-0.5102430855292184],[133.15334632269509,-0.530426680896035],[133.3914301482141,-0.7238528031613498],[133.74397735138655,-0.7490822973698688],[133.97748264179947,-0.7238528031613498],[134.1743596513633,-0.865137970729057],[134.0736318790283,-0.8970953300598481],[134.03700359817924,-0.9559641498797262],[134.12857430030192,-1.149390272145041],[134.20183086200012,-1.2116230245260553],[134.28424449391053,-1.3495442595326281],[134.22930207263693,-1.4386884724027293],[134.20640939710626,-1.5732457748481643],[134.08736748434671,-1.682573583085082],[134.15604551093875,-2.0391504345654887],[134.15146697583262,-2.1737077370109237],[134.19267379178783,-2.380589589520783],[134.3300298449719,-2.52187475708849],[134.40328640667008,-2.745576272404028],[134.46280736304982,-2.8616319457632162],[134.53148538964186,-2.8364024515546973],[134.47654296836822,-2.632884531605976],[134.4857000385805,-2.5386944198941706],[134.55437806517253,-2.491599364038267],[134.5223283194296,-2.405819083729302],[134.57727074070323,-2.3082650394563604],[134.58184927580936,-2.439458409340661],[134.6551058375075,-2.5605599815415534],[134.67341997793207,-2.8364024515546973],[134.44449322262528,-3.024782674978308],[134.45365029283755,-3.078605595956483],[134.3300298449719,-3.189615370473968],[134.2521947481676,-3.307353010113724],[134.25677328327373,-3.4015431218255294],[135.26862954172967,-3.759801939586503],[134.87487552260203,-4.25598199235405]]]]},"properties":{"name":"Irian Jaya Barat","hcKey":"id-ib","postalCode":"IB"}},{"type":"Feature","geometry":{"type":"MultiPolygon","coordinates":[[[[98.48467849903714,-0.5102430855292184],[98.42515754265739,-0.587613534435345],[98.31527270011013,-0.533790613457171],[98.36563658627763,-0.34877432259469643],[98.44805021818806,-0.2579481434440254],[98.50757117456783,-0.3639120191198071],[98.48467849903714,-0.5102430855292184]]],[[[98.55793506073532,-0.27813173881084197],[98.53962092031077,-0.3790497156449195],[98.29695855968559,-0.005653201358834181],[98.40684340223285,-0.007335167639400453],[98.49841410435556,-0.2007612899047153],[98.55793506073532,-0.27813173881084197]]],[[[98.62661308732734,0.17431719066193807],[98.83722570220958,0.14235983133114694],[98.84180423731571,0.08517297779183686],[98.68613404370711,0.07171724754729247],[98.53962092031077,0.08853691035297118],[98.52588531499237,0.14572376389228303],[98.62661308732734,0.17431719066193807]]],[[[98.5029926394617,1.6662212815257114],[98.59914187669054,1.6308999896337841],[98.43889314797579,1.6510835850006007],[98.46636435861261,1.7099524048204788],[98.5029926394617,1.6662212815257114]]],[[[100.31151400638521,2.554299477665591],[100.31151400638521,2.554299477665591],[100.31151400638521,2.554299477665591],[100.31151400638521,2.554299477665591]]],[[[100.31151400638521,2.554299477665591],[100.31151400638521,2.554299477665591],[100.31151400638521,2.554299477665591],[100.31151400638521,2.554299477665591]]],[[[99.1485660894268,0.25505157212919904],[99.09362366815317,0.6234021875735802],[99.04783831709182,0.6217202212930122],[99.03868124687955,0.7764611191052637],[98.98373882560591,0.8302840400834395],[98.91963933412002,1.1179002740605597],[98.78686181604209,1.4122443731599503],[98.75481207029914,1.5333459453608427],[98.81891156178504,1.6813589780508238],[98.72734085966233,1.7923687525683079],[98.6586628330703,1.7654572920792209],[98.53504238520463,1.935335886416583],[98.44347168308192,1.9908407736753269],[98.26948734904877,2.0362538632506606],[98.10008155012177,2.189312794782344],[98.12755276075858,2.325552063508349],[98.02224645331746,2.577847005593542],[98.07261033948495,2.6787649824276194],[98.05429619906042,2.811640318592488],[97.92151868098249,2.9075123965848597],[97.89404747034567,3.084118856044496],[97.93525428630089,3.141305709583806],[97.86199772460272,3.255679416662426],[97.99019670757451,3.3280039667268486],[97.90778307566407,3.4339678424026303],[97.78416262779842,3.7468135705882695],[97.99935377778678,3.978924917306646],[98.06345326927269,4.241311657075247],[98.19165225224448,4.293452611772853],[98.26490881394264,4.286724746650581],[98.26948734904877,4.212718230305592],[98.18707371713835,4.168987107010825],[98.17791664692606,4.1101182871909465],[98.26490881394264,4.179078904694233],[98.30611562989786,4.079842894140723],[98.47552142882488,4.047885534809932],[98.67697697349485,3.9166921649256317],[98.70902671923778,3.8040004241275795],[98.79601888625436,3.726629975221453],[98.95626761496911,3.669443121682143],[99.18061583516975,3.5449776169201144],[99.48737768728083,3.334731831849121],[99.5881054596158,3.227085989892771],[99.74835418833054,3.1833548665980054],[99.85366049577166,3.0487975641525686],[99.98185947874346,2.949561553599059],[99.99559508406186,2.7965026220673757],[99.95438826810664,2.7039944766361383],[100.05511604044162,2.725860038283521],[100.12837260213979,2.529069983457072],[100.13295113724593,2.6838108812693235],[100.20162916383796,2.7107223417584105],[100.31151400638521,2.554299477665591],[100.27946426064226,2.352463523997436],[100.31151400638521,2.1792209970989376],[100.30235693617294,1.881512965438409],[100.3756134978711,1.8125523479351227],[100.439712989357,1.597260664022425],[100.35272082234043,1.5249361139580042],[100.1054799266091,1.4139263394405184],[100.06885164576002,1.3601034184623444],[100.15126527767046,1.2221821834557716],[100.2199433042625,1.1717231950387337],[100.21078623405023,0.8656053319753667],[100.17415795320115,0.759641456299585],[99.82618928513484,0.8672872982559348],[99.70714737237532,0.8857889273421815],[99.79413953939189,0.7815070179469679],[99.91775998725755,0.5695792665954063],[99.90860291704529,0.5039825816532559],[99.81245367981644,0.46697932348076066],[99.68425469684465,0.4989366828115518],[99.58352692450967,0.5645333677537021],[99.34086456388448,0.47370718860303285],[99.1485660894268,0.25505157212919904]]],[[[97.06075408102902,1.4156083057210864],[97.23473841506215,1.4156083057210864],[97.37667300335237,1.5198902151163],[97.48655784589961,1.4761590918215326],[97.69259192567571,1.1851789252832763],[97.79331969801069,1.1464937008302147],[97.93525428630089,0.985024937895691],[97.8986260054518,0.9059725227089963],[97.88031186502727,0.6402218503792607],[97.82536944375364,0.5628514014731341],[97.70632753099412,0.5729431991565423],[97.6147568288714,0.8252381412417353],[97.38583007356463,0.9513856122843318],[97.38583007356463,1.0203462297876182],[97.2530525554867,1.260867407908835],[97.06075408102902,1.4156083057210864]]]]},"properties":{"name":"Sumatera Utara","hcKey":"id-su","postalCode":"SU"}},{"type":"Feature","geometry":{"type":"MultiPolygon","coordinates":[[[[103.18225551793216,0.5157563456172323],[103.14104870197694,0.5393038735451832],[103.15936284240148,0.6654513445877797],[103.20972672856897,0.705818535321411],[103.29214036047941,0.6234021875735802],[103.278404755161,0.5376219072646151],[103.18225551793216,0.5157563456172323]]],[[[103.03574239453583,1.0472576902767052],[103.1730984477199,0.8824249947810454],[103.08610628070332,0.8386938714862797],[102.79308003391064,1.0321199937515928],[102.64656691051431,1.0052085332625058],[102.71524493710633,1.1549035322330532],[102.80223710412291,1.1633133636358934],[103.03574239453583,1.0472576902767052]]],[[[102.46342550626889,0.9614774099677401],[102.39932601478299,0.9261561180758129],[102.3352265232971,0.9631593762483082],[102.23449875096212,1.0993986449743112],[102.24365582117439,1.2205002171752035],[102.19787047011303,1.2961886998007621],[102.21618461053757,1.4088804405988142],[102.28944117223574,1.4055165080376781],[102.47258257648116,1.24068381254202],[102.44968990095049,1.1010806112548792],[102.46342550626889,0.9614774099677401]]],[[[101.72170281907493,2.0581194248980452],[101.77664524034857,1.9471096503805594],[101.7171242839688,1.7772310560431972],[101.57976823078474,1.7099524048204788],[101.46072631802522,1.767139258359789],[101.39662682653932,1.9302899875748807],[101.44241217760067,2.0631653237397476],[101.52940434461725,2.054755492336909],[101.64844625737678,2.12708004240133],[101.72170281907493,2.0581194248980452]]],[[[100.31151400638521,2.554299477665591],[100.38019203297723,2.352463523997436],[100.56333343722267,2.1539915028904186],[100.66863974466378,2.132125941243034],[100.85635968401533,1.9992506050781653],[100.89298796486442,1.8848768979995452],[100.94793038613804,1.881512965438409],[100.88840942975828,2.0362538632506606],[100.80141726274171,2.160719368012689],[100.81057433295398,2.2515455471633583],[100.90672357018282,2.298640603019262],[101.04865815847302,2.2935947041775577],[101.06697229889757,2.217906221551999],[101.30047758931047,2.048027627214637],[101.37831268611478,1.7755490897626292],[101.42867657228227,1.7082704385399108],[101.588925300997,1.656129483842303],[101.7812237754547,1.6426737535977605],[102.01930760097375,1.4357919010879012],[102.11545683820259,1.3886968452319994],[102.14292804883941,1.2474116776642905],[102.20244900521917,1.1834969590027082],[102.1932919350069,1.06744128564352],[102.23907728606825,0.9816610053345549],[102.46342550626889,0.7747791528246974],[102.5549962083916,0.7394578609327702],[102.66488105093885,0.7512316248967448],[102.87549366582108,0.7276840969687939],[103.05405653496037,0.5578055026314299],[103.07694921049105,0.4417498292722417],[102.71524493710633,0.2567335384097671],[102.64656691051431,0.24159584188465644],[102.57788888392227,0.15917949413682564],[102.6969307966818,0.23150404420124815],[102.9029648764579,0.26850730237374343],[103.07694921049105,0.38119904317179554],[103.16394137750761,0.40811050366088253],[103.22346233388738,0.48716291884757723],[103.36081838707145,0.5376219072646151],[103.54395979131687,0.43670393043053757],[103.60805928280276,0.3105564593879411],[103.64926609875798,0.3425138187187322],[103.75915094130524,0.24159584188465644],[103.79120068704817,-0.014063032761672645],[103.59432367748435,-0.012381066481104597],[103.58516660727209,-0.0947974142289354],[103.49359590514938,-0.11666297587631824],[103.41576080834507,-0.2175809527103958],[103.48901737004324,-0.21253505386869165],[103.43865348387575,-0.3370005586307201],[103.46612469451256,-0.35550218771696684],[103.52106711578618,-0.24449241319948278],[103.63095195833344,-0.23271864923550645],[103.75915094130524,-0.30167926673879286],[103.7545724061991,-0.34541039003356033],[103.6126378179089,-0.389141513328326],[103.49817444025551,-0.3706398842420793],[103.58974514237822,-0.4227808389396852],[103.57600953705982,-0.4749217936372929],[103.4203393434512,-0.5186529169320586],[103.41118227323894,-0.6061151635215918],[103.34708278175304,-0.6935774101111267],[103.43865348387575,-0.7474003310893007],[103.10442042112786,-0.7726298252978197],[102.9167004817763,-0.7625380276144114],[102.80681563922906,-0.7911314543840664],[102.6831951913634,-0.9055051614626883],[102.5412606030732,-1.0854755534834588],[102.35811919882778,-1.0097870708579002],[102.26196996159892,-0.8785937009736013],[102.18871339990076,-0.8567281393262167],[102.01472906586761,-0.8819576335347374],[101.88195154778968,-1.0013772394550617],[101.77206670524242,-1.038380497627557],[101.67133893290745,-0.9677379138437026],[101.52940434461725,-0.9340985882323434],[101.23637809782457,-0.7036692077945332],[101.03950108826075,-0.4715578610761568],[100.99829427230553,-0.40091527729230236],[100.85635968401533,-0.3235448283861757],[100.79226019252944,-0.2074891550269875],[100.75105337657422,-0.06284005489814426],[100.84720261380306,-0.029200729286785077],[100.84720261380306,0.18777292090648068],[100.50839101594903,0.44343179555280976],[100.36645642765883,0.4114744362220186],[100.26572865532385,0.45184162695565],[100.16500088298888,0.6469497155015329],[100.17415795320115,0.759641456299585],[100.21078623405023,0.8656053319753667],[100.2199433042625,1.1717231950387337],[100.15126527767046,1.2221821834557716],[100.06885164576002,1.3601034184623444],[100.1054799266091,1.4139263394405184],[100.35272082234043,1.5249361139580042],[100.439712989357,1.597260664022425],[100.3756134978711,1.8125523479351227],[100.30235693617294,1.881512965438409],[100.31151400638521,2.1792209970989376],[100.27946426064226,2.352463523997436],[100.31151400638521,2.554299477665591]]],[[[102.84802245518426,0.7983266807526483],[102.6831951913634,0.8033725795943525],[102.55957474349773,0.7781430853858318],[102.40848308499527,0.8723331970976371],[102.50463232222411,0.9732511739317147],[102.4908967169057,1.1347199368662384],[102.5549962083916,1.1279920717439662],[102.64198837540818,0.9967987018596656],[102.76560882327384,1.011936398384778],[103.02200678921741,0.8471037028891182],[103.05405653496037,0.7798250516663998],[103.00369264879288,0.6940447713574347],[102.84802245518426,0.7983266807526483]]],[[[102.00557199565534,1.6157622931086735],[102.07425002224737,1.62585409079208],[102.23907728606825,1.56866723725277],[102.3489621286155,1.5552115070082273],[102.4908967169057,1.487932855785509],[102.50921085733025,1.2776870707145136],[102.43137576052594,1.2978706660813302],[102.33064798819096,1.4122443731599503],[102.13377097862713,1.4576574627352858],[102.06051441692897,1.5131623499940279],[102.00557199565534,1.6157622931086735]]]]},"properties":{"name":"Riau","hcKey":"id-ri","postalCode":"RI"}},{"type":"Feature","geometry":{"type":"MultiPolygon","coordinates":[[[[125.42020052843223,2.63671582541342],[125.36067957205248,2.722496105722385],[125.38815078268928,2.80154852090908],[125.44767173906905,2.776319026700561],[125.4018863880077,2.719132173161249],[125.42020052843223,2.63671582541342]]],[[[125.62623460820834,3.5197481227115954],[125.66286288905742,3.4390137412443327],[125.6216560731022,3.398646550510703],[125.50261416034267,3.481062898258532],[125.52092830076722,3.5786169425314736],[125.44309320396292,3.6391677286319197],[125.44309320396292,3.735039806624293],[125.51634976566109,3.708128346135206],[125.62623460820834,3.5197481227115954]]],[[[126.8349678762281,3.7417676717465653],[126.76628984963607,3.7737250310773565],[126.7433971741054,3.8510954799834813],[126.81207520069742,3.8258659857749624],[126.8349678762281,3.7417676717465653]]],[[[126.69761182304404,3.81241025553042],[126.66556207730109,3.930147895170176],[126.6151981911336,4.046203568529364],[126.71134742836244,3.923420030047904],[126.69761182304404,3.81241025553042]]],[[[126.71134742836244,4.261495252442062],[126.70676889325631,4.426327947937722],[126.73424010389311,4.535655756174638],[126.81665373580356,4.545747553858046],[126.87617469218333,4.495288565441008],[126.85786055175878,4.367459128117844],[126.92196004324468,4.2816788478088785],[126.80749666559129,4.155531376766282],[126.80749666559129,4.036111770845956],[126.76171131452993,3.9923806475511903],[126.66556207730109,4.032747838284822],[126.80291813048515,4.221128061708431],[126.71134742836244,4.261495252442062]]],[[[123.09888322962155,0.9278380843563809],[123.36901680088354,0.9261561180758129],[123.56589381044736,0.8672872982559348],[123.61167916150872,0.8857889273421815],[123.83144884660322,0.8302840400834395],[123.9459122242566,0.8370119052057117],[124.00543318063637,0.8992446575867259],[124.15652483913884,0.9463397134426277],[124.31677356785359,1.037165892593297],[124.39003012955175,1.1851789252832763],[124.59606420932785,1.1952707229666846],[124.61437834975239,1.2591854416282668],[124.5502788582665,1.2760051044339473],[124.5502788582665,1.3617853847429124],[124.61895688485853,1.4189722382822225],[124.69221344655669,1.4004706091959758],[124.85246217527143,1.491296788346645],[124.83872656995302,1.5871688663390184],[125.03560357951686,1.7318179664678617],[125.04476064972913,1.6796770117702557],[125.18211670291319,1.6662212815257114],[125.16838109759479,1.5854869000584504],[125.25079472950523,1.4845689232243728],[125.29200154546044,1.5518475744470912],[125.26910886992977,1.4156083057210864],[125.1454884220641,1.4223361708433586],[125.03102504441071,1.1734051613193017],[124.8982475263328,0.9749331402122827],[124.82041242952849,0.9396118483203555],[124.66474223591987,0.8067365121554886],[124.63727102528307,0.7260021306882258],[124.50449350720514,0.534257974703479],[124.51365057741741,0.5023006153726879],[124.32135210295972,0.39970067225804407],[124.06495413701613,0.35428758268270855],[123.74445667958665,0.3105564593879411],[123.62999330193325,0.26514336981260733],[123.45600896790012,0.3122384256685091],[123.49721578385532,0.4282940990276991],[123.43769482747557,0.6099464573290376],[123.24539635301788,0.732729995810498],[123.20418953706266,0.8353299389251436],[123.09888322962155,0.9278380843563809]]]]},"properties":{"name":"Sulawesi Utara","hcKey":"id-sw","postalCode":"SW"}},{"type":"Feature","geometry":{"type":"MultiPolygon","coordinates":[[[[117.65958352353258,3.257361382942994],[117.572591356516,3.3145482364823042],[117.54054161077306,3.427239977280358],[117.68247619906326,3.4137842470358137],[117.65958352353258,3.257361382942994]]],[[[117.8930888139455,3.4676071680139895],[117.78320397139824,3.5399317180784102],[117.78778250650437,3.5802989088120416],[117.84730346288413,3.5769349762509055],[117.8930888139455,3.4676071680139895]]],[[[117.50391332992398,3.502928459905915],[117.49933479481784,3.455833404050013],[117.25667243419267,3.509656325028187],[117.27040803951107,3.592072672776018],[117.39402848737672,3.566843178567497],[117.50391332992398,3.502928459905915]]],[[[117.70536887459394,3.985652782428918],[117.59548403204668,4.063023231335045],[117.65958352353258,4.150485477924578],[117.75115422565528,4.079842894140723],[117.70536887459394,3.985652782428918]]],[[[117.9068244192639,4.158895309327416],[117.9342956299007,4.059659298773909],[117.83814639267186,4.039475703407092],[117.7007903394878,4.1622592418885525],[117.9068244192639,4.158895309327416]]],[[[114.56907232689113,1.4946607209077811],[114.66980009922611,1.6914507757342303],[114.67437863433224,1.8192802130573948],[114.83004882794084,1.9033785270857937],[114.84378443325926,2.022798133006118],[114.77968494177335,2.0345718969700926],[114.75221373113655,2.1523095366098506],[114.77968494177335,2.248181614602222],[114.91704099495742,2.296958636738694],[115.12765360983965,2.4802929613206004],[115.20548870664396,2.5122503206513915],[115.16428189068874,2.589620769557518],[115.05897558324762,2.608122398643765],[115.06355411835375,2.828459981398167],[115.24211698749303,3.0403877327497284],[115.31079501408507,2.9882467780521225],[115.46188667258755,3.031977901346888],[115.51682909386118,3.1564434061089166],[115.48020081301209,3.2085843608065243],[115.51682909386118,3.3565973934965037],[115.5992427257716,3.4406957075249007],[115.54887883960411,3.6072103693011286],[115.59008565555934,3.8561413788251855],[115.53514323428571,3.898190535839385],[115.62213540130229,4.039475703407092],[115.64502807683297,4.170669073291393],[115.81901241086611,4.2799968815283105],[115.84190508639679,4.3893246897652265],[115.98383967468699,4.32036407226194],[116.02046795553608,4.268223117564334],[116.12577426297719,4.37755092580125],[116.22650203531217,4.354003397873299],[116.31349420232874,4.384278790923522],[116.39132929913305,4.296816544333989],[116.49205707146803,4.325409971103644],[116.53326388742325,4.394370588606931],[116.5790492384846,4.3338198025064845],[116.71182675656253,4.365777161837276],[116.80339745868524,4.330455869945348],[117.16510173206994,4.3355017687870525],[117.21546561823743,4.354003397873299],[117.43523530333194,4.185806769816505],[117.56801282140987,4.160577275607984],[117.50849186503011,4.125255983716059],[117.37113581184605,4.168987107010825],[117.39402848737672,4.100026489507538],[117.51764893524238,4.0495675010905],[117.6870547341694,3.9200560974867678],[117.62753377778964,3.901554468400521],[117.82898932245959,3.841003682300075],[117.73284008523075,3.7501775031494056],[117.82441078735346,3.70476441357407],[117.75115422565528,3.6341218297902156],[117.6504264533203,3.6273939646679434],[117.5451201458792,3.6643972228404387],[117.47186358418102,3.792226660163603],[117.52680600545466,3.625711998387377],[117.09184517037178,3.645895593754192],[117.21546561823743,3.6038464367399925],[117.22920122355585,3.506292392467051],[117.32535046078469,3.4339678424026303],[117.44439237354422,3.4356498086831984],[117.37113581184605,3.3044564387988977],[117.35282167142151,3.1816729003174373],[117.45812797886262,3.171581102634029],[117.48102065439329,3.0992565525696065],[117.61837670757737,3.087482788605632],[117.56343428630373,2.9848828454909864],[117.69163326927553,2.97310908152701],[117.5451201458792,2.9276959919516763],[117.73284008523075,2.8991025651820213],[117.63211231289577,2.8133222848730544],[117.78320397139824,2.7594993638948804],[117.82898932245959,2.608122398643765],[117.97550244585594,2.466837231076058],[117.86103906820254,2.2885488053358536],[117.70536887459394,2.354145490278004],[117.59548403204668,2.493748691565145],[117.42149969801353,2.5156142532125276],[117.34824313631538,2.5946666683992206],[117.23377975866198,2.6013945335214927],[117.05979542462883,2.5627093090684294],[117.00027446824907,2.495430657845713],[116.73929796719935,2.4046044786950436],[116.55615656295393,2.4197421752201542],[116.51037121189258,2.4752470624788963],[116.41880050976987,2.3474176251557317],[116.31807273743487,2.327234029788917],[116.24939471084285,2.0295259981283884],[116.1898737544631,1.9841129085530547],[116.2036093597815,1.8646933026327304],[115.89226897256428,1.4273820696850628],[115.65418514704524,1.3685132498651846],[115.51225055875503,1.3584214521817763],[115.46646520769369,1.096034712413175],[115.12765360983965,1.0977166786937431],[115.02234730239854,1.213772352052933],[114.92161953006355,1.2810510032756497],[114.66064302901384,1.3567394859012083],[114.56907232689113,1.4946607209077811]]]]},"properties":{"name":"Kalimantan Utara","hcKey":"id-ku","postalCode":"KU"}},{"type":"Feature","geometry":{"type":"MultiPolygon","coordinates":[[[[126.07493104860961,-2.463005937268612],[125.96504620606235,-2.4024551511681658],[125.94673206563782,-2.272943747564433],[125.90094671457646,-2.232576556830802],[125.85973989862124,-2.0879274567019586],[125.93299646031942,-1.961779985659362],[125.9833603464869,-1.9954193112707213],[125.97878181138077,-2.178753635852628],[126.06577397839735,-2.3637699267151024],[126.07493104860961,-2.463005937268612]]],[[[127.69573247618158,-1.2334885861734382],[127.66368273043862,-1.2704918443459334],[127.45764865066252,-1.2351705524540062],[127.54921935278523,-1.171255833792424],[127.69573247618158,-1.2334885861734382]]],[[[127.32029259747847,-0.7793576904200918],[127.15546533365759,-0.7709478590172516],[127.21498629003734,-0.6162069612050001],[127.28824285173552,-0.696941342672261],[127.32029259747847,-0.7793576904200918]]],[[[127.21498629003734,-0.252902244602323],[127.29282138684165,-0.27813173881084197],[127.25619310599257,-0.3403644911918562],[127.26992871131097,-0.4564201645510444],[127.11425851770237,-0.5253807820543308],[127.10967998259623,-0.2899055027748165],[127.21498629003734,-0.252902244602323]]],[[[129.55003919416646,-0.21589898642982774],[129.45846849204372,-0.11329904331518215],[129.37147632502717,-0.07965971770382296],[129.3119553686474,0.04648775333877353],[129.568353334591,-0.17384982941562832],[129.55003919416646,-0.21589898642982774]]],[[[127.40728476449505,0.14740573017285108],[127.44391304534412,0.12049426968376231],[127.45764865066252,-0.037610560689625316],[127.39354915917663,0.05489758474161377],[127.40728476449505,0.14740573017285108]]],[[[127.43475597513185,0.7495496586161767],[127.44391304534412,0.6671333108683477],[127.37981355385823,0.6250841538541483],[127.3889706240705,0.7562775237384489],[127.43475597513185,0.7495496586161767]]],[[[127.34776380811527,0.757959490019017],[127.28366431662937,0.813464377277759],[127.3248711325846,0.8622413994142306],[127.3752350187521,0.8084184784360549],[127.34776380811527,0.757959490019017]]],[[[125.70406970501264,-1.8188128518110869],[125.9970959518053,-1.7851735261997277],[126.34506461987161,-1.8171308855305188],[126.27180805817343,-1.8659079076669887],[125.9833603464869,-1.8995472332783478],[125.6216560731022,-1.9146849298034603],[125.42935759864451,-1.9483242554148177],[125.43851466885678,-1.8928193681560757],[125.34694396673407,-1.8120849866888147],[125.42020052843223,-1.7935833576025662],[125.47972148481199,-1.7784456610774555],[125.70406970501264,-1.8188128518110869]]],[[[124.63269249017694,-1.6321145946680442],[125.02186797419844,-1.7229407738187135],[125.09512453589662,-1.7532161668689366],[125.12259574653342,-1.6842555493656501],[125.18669523801933,-1.704439144732465],[125.19127377312546,-1.7818095936385916],[125.28284447524817,-1.731350605221552],[125.32405129120339,-1.8659079076669887],[125.0539177199414,-1.8877734693143715],[125.01271090398618,-1.9432783565731153],[124.85246217527143,-1.8961833007172118],[124.54570032316036,-2.0088750415152656],[124.4083442699763,-2.0055111089541295],[124.33050917317199,-1.8255407169333573],[124.38545159444561,-1.6674358865599697],[124.53196471784196,-1.6354785272291785],[124.63269249017694,-1.6321145946680442]]],[[[128.05285821446014,-1.7145309424158732],[127.93381630170062,-1.682573583085082],[127.70031101128771,-1.6893014482073543],[127.53548374746683,-1.7296686389409839],[127.37981355385823,-1.6321145946680442],[127.43475597513185,-1.4134589781942104],[127.4805413261932,-1.4487802700861359],[127.62705444958954,-1.3276786978852435],[127.76898903787975,-1.3680458886188749],[127.83308852936564,-1.4319606072804572],[127.90176655595766,-1.425232742158185],[128.048279679354,-1.5480162806396454],[128.13527184637059,-1.5732457748481643],[128.15358598679512,-1.6724817854016738],[128.05285821446014,-1.7145309424158732]]],[[[127.65452566022635,-0.7053511740751013],[127.79188171341042,-0.6918954438305587],[127.89718802085153,-0.7692658927366836],[127.81935292404722,-0.8634560044484889],[127.74609636234906,-0.8853215660958718],[127.65452566022635,-0.8247707799954256],[127.62705444958954,-0.7524462299310049],[127.45764865066252,-0.8163609485925871],[127.43933451023798,-0.7171249380390776],[127.47138425598094,-0.641436455413519],[127.39812769428278,-0.6212528600467042],[127.30197845705392,-0.5085611192486503],[127.31571406237234,-0.33868252491128814],[127.36149941343368,-0.3235448283861757],[127.46222718576865,-0.4059611761340065],[127.51716960704229,-0.30167926673879286],[127.5812690985282,-0.3269087609473118],[127.63163298469567,-0.41437100753684497],[127.68199687086317,-0.4597840971121805],[127.608740309165,-0.6313446577301125],[127.65452566022635,-0.7053511740751013]]],[[[128.48781904954302,2.056437458617477],[128.2909420399792,2.0379358295312286],[128.24515668891783,2.105214480753947],[128.23142108359943,2.246499648321656],[128.19937133785646,2.2666832436884707],[128.318413250616,2.4584273996732176],[128.46950490911848,2.5929847021186525],[128.59770389209027,2.609804364924333],[128.6938531293191,2.438243804306401],[128.64348924315163,2.2633193111273346],[128.57023268145346,2.110260379595651],[128.48781904954302,2.056437458617477]]],[[[128.048279679354,-0.7120790391973735],[127.85140266979019,-0.36559398540037513],[127.70946808149998,-0.2865415702136822],[127.6728398006509,-0.22935471667437035],[127.70031101128771,0.04648775333877353],[127.68199687086317,0.16422539297852978],[127.71404661660611,0.2769171337765819],[127.57211202831591,0.4215662339054269],[127.52632667725456,0.561169435192566],[127.55379788789138,0.7377758946522022],[127.62705444958954,0.8336479726445756],[127.50801253683002,0.8857889273421815],[127.47138425598094,1.064077353082384],[127.40270622938891,1.042211791435001],[127.40728476449505,1.2305920148586118],[127.5446408176791,1.4744771255409646],[127.52174814214843,1.5316639790802746],[127.5812690985282,1.7503195955541084],[127.68657540596931,1.9269260550137446],[127.91550216127608,2.1724931319766654],[128.04370114424788,2.2027685250268885],[128.048279679354,2.1472636377681464],[127.9429733719129,1.9790670097113505],[127.86513827510859,1.9286080212943126],[127.85140266979019,1.827690044460235],[127.93839483680676,1.800778583971148],[128.01622993361104,1.7183622362233173],[127.99791579318651,1.62585409079208],[128.0345440740356,1.5383918442025468],[127.97502311765584,1.2995526323618982],[127.8926094857454,1.1549035322330532],[127.83308852936564,1.1448117345496467],[127.6362115198018,0.9984806681402336],[127.65452566022635,0.8908348261838857],[127.79646024851655,0.7966447144720803],[127.92465923148835,0.8706512308170691],[127.93381630170062,1.0068904995430739],[128.05743674956628,1.1195822403411277],[128.15816452190126,1.1313560043051023],[128.19479280275033,1.1969526892472526],[128.09406503041538,1.2575034753476988],[128.18563573253806,1.376923081268023],[128.36877713678348,1.5013885860300515],[128.46034783890622,1.546801675605387],[128.7213243399559,1.56866723725277],[128.68469605910684,1.4442017324907415],[128.73963848038045,1.4071984743182462],[128.69843166442524,1.069123251924088],[128.43745516337552,0.931202016917517],[128.31383471550987,0.9009266238672939],[128.2909420399792,0.8168283098388951],[128.2131069431749,0.7730971865441294],[128.31383471550987,0.6654513445877797],[128.68469605910684,0.5426678061063193],[128.68927459421297,0.34755971756043635],[128.82205211229092,0.3105564593879411],[128.86325892824613,0.24495977444579076],[128.5381829357105,0.3256941559130535],[128.47866197933075,0.3896088745746358],[128.26347082934237,0.3929728071357719],[128.149007451689,0.45352359323621805],[128.05743674956628,0.46361539091962456],[127.96128751233744,0.48043505372530504],[127.91092362616993,0.43670393043053757],[127.878873880427,0.3021466279851026],[127.92465923148835,0.14572376389228303],[127.8926094857454,-0.01910893160337679],[128.01622993361104,-0.3100890981416331],[128.04370114424788,-0.41437100753684497],[128.2268425484933,-0.7087151066362374],[128.43287662826938,-0.9105510603043925],[128.28636350487307,-0.8769117346930333],[128.2039498729626,-0.7709478590172516],[128.048279679354,-0.7120790391973735]]]]},"properties":{"name":"Maluku Utara","hcKey":"id-la","postalCode":"LA"}},{"type":"Feature","geometry":{"type":"MultiPolygon","coordinates":[[[[100.2062076989441,-2.7623959352097067],[100.13752967235206,-2.8229467213101547],[100.0139092244864,-2.831356552712993],[99.9864380138496,-2.765759867770843],[99.99559508406186,-2.6412943630088144],[99.95896680321277,-2.552150150138713],[99.9864380138496,-2.484871498915995],[100.20162916383796,-2.6799795874618777],[100.2062076989441,-2.7623959352097067]]],[[[99.70714737237532,-2.126612681155022],[99.8582390308778,-2.355360095312262],[99.60641960004034,-2.266215882442161],[99.52858450323603,-2.153524141644109],[99.59268399472194,-2.015602906637536],[99.69341176705692,-2.069425827615712],[99.70714737237532,-2.126612681155022]]],[[[101.33710587015956,-2.298173241772952],[101.17227860633868,-2.3671338592762385],[101.02576548294235,-2.4798256000742924],[100.92503771060737,-2.3351764999454474],[100.83346700848466,-2.1434323439607006],[100.88840942975828,-2.0374684682849207],[100.85635968401533,-1.8928193681560757],[100.78310312231716,-1.8137669529693827],[100.6457470691331,-1.5934293702149809],[100.63201146381469,-1.5076490899060158],[100.57249050743494,-1.4420524049638654],[100.5679119723288,-1.3293606641658116],[100.40766324361405,-1.2637639792236612],[100.42597738403859,-1.1914394291592405],[100.37103496276497,-1.1628460023895855],[100.41224177872019,-1.0400624639081233],[100.38019203297723,-1.0299706662247168],[100.30235693617294,-0.8163609485925871],[100.16042234788274,-0.666665949622038],[100.000173619168,-0.45473819827047635],[99.81703221492258,-0.2932694353359526],[99.75751125854282,-0.16880393057392418],[99.74835418833054,-0.030882695567353124],[99.61099813514647,0.09694674175581142],[99.40496405537039,0.16422539297852978],[99.31797188835381,0.24159584188465644],[99.24471532665564,0.21468438139556767],[99.1485660894268,0.25505157212919904],[99.34086456388448,0.47370718860303285],[99.58352692450967,0.5645333677537021],[99.68425469684465,0.4989366828115518],[99.81245367981644,0.46697932348076066],[99.90860291704529,0.5039825816532559],[99.91775998725755,0.5695792665954063],[99.79413953939189,0.7815070179469679],[99.70714737237532,0.8857889273421815],[99.82618928513484,0.8672872982559348],[100.17415795320115,0.759641456299585],[100.16500088298888,0.6469497155015329],[100.26572865532385,0.45184162695565],[100.36645642765883,0.4114744362220186],[100.50839101594903,0.44343179555280976],[100.84720261380306,0.18777292090648068],[100.84720261380306,-0.029200729286785077],[100.75105337657422,-0.06284005489814426],[100.79226019252944,-0.2074891550269875],[100.85635968401533,-0.3235448283861757],[100.99829427230553,-0.40091527729230236],[101.03950108826075,-0.4715578610761568],[101.23637809782457,-0.7036692077945332],[101.52940434461725,-0.9340985882323434],[101.67133893290745,-0.9677379138437026],[101.77206670524242,-1.038380497627557],[101.78580231056084,-1.1308886430587943],[101.84074473183446,-1.1678919012312878],[101.79495938077311,-1.2402164512957103],[101.68049600311971,-1.288993473432182],[101.67591746801358,-1.4975572922226075],[101.4469907127068,-1.7145309424158732],[101.2272210276123,-1.7279866726604176],[101.11275764995892,-1.704439144732465],[101.14480739570186,-1.9180488623645946],[101.25927077335525,-2.0811995915796864],[101.33710587015956,-2.298173241772952]]],[[[100.18789355851955,-2.969277787719566],[100.17873648830728,-2.8246286875907227],[100.22452183936863,-2.772487732893115],[100.46718419999381,-3.0163728435754686],[100.46718419999381,-3.0685137982730746],[100.46718419999381,-3.134110483215225],[100.38019203297723,-3.1542940785820406],[100.48091980531223,-3.3157628415165643],[100.38019203297723,-3.2703497519412297],[100.34356375212816,-3.1257006518123855],[100.18789355851955,-2.969277787719566]]],[[[98.88301105327093,-0.9139149928655286],[98.91963933412002,-0.9425084196351836],[98.90590372880162,-0.9929674080522215],[99.07073099262249,-1.2519902152596867],[99.13025194900226,-1.4487802700861359],[99.27218653729246,-1.6035211678983892],[99.25845093197404,-1.7717177959551833],[99.10278073836544,-1.8003112227248383],[98.88758958837707,-1.679209650523946],[98.81433302667891,-1.5295146515533986],[98.5945633415844,-1.198167294281511],[98.64034869264576,-1.093885384886299],[98.6586628330703,-0.9610100487214304],[98.88301105327093,-0.9139149928655286]]]]},"properties":{"name":"Sumatera Barat","hcKey":"id-sb","postalCode":"SB"}},{"type":"Feature","geometry":{"type":"MultiPolygon","coordinates":[[[[128.22226401338716,-8.210284717969305],[128.20852840806876,-8.282609268033728],[128.10322210062765,-8.27251747035032],[128.10322210062765,-8.213648650530441],[128.22226401338716,-8.210284717969305]]],[[[129.03724326227928,-8.220376515652713],[128.91820134951973,-8.257379773825209],[128.8312091825032,-8.200192920285899],[128.98687937611177,-8.185055223760786],[129.03724326227928,-8.220376515652713]]],[[[127.68657540596931,-8.238878144738962],[127.60416177405887,-8.20692078540817],[127.68657540596931,-8.156461796991131],[127.76898903787975,-8.213648650530441],[127.68657540596931,-8.238878144738962]]],[[[127.83308852936564,-8.099274943451821],[128.11695770594605,-8.180009324919084],[128.04370114424788,-8.25569780754464],[127.80103878362269,-8.17496342607738],[127.77356757298588,-8.102638876012957],[127.83308852936564,-8.099274943451821]]],[[[131.07469138450955,-8.14132410046602],[131.16168355152615,-8.151415898149427],[130.99227775259914,-8.233832245897258],[130.89612851537026,-8.250651908702936],[130.87781437494573,-8.309520728522815],[130.76335099729235,-8.349887919256446],[130.85492169941506,-8.242242077300098],[131.03806310366048,-8.08245528064614],[131.07469138450955,-8.14132410046602]]],[[[129.76523034415482,-7.813340675755269],[129.84306544095912,-7.8352062374026525],[129.85680104627752,-7.931078315395026],[129.77896594947322,-8.053861853876487],[129.69197378245664,-8.040406123631943],[129.5958245452278,-7.924350450272755],[129.63245282607687,-7.794839046669022],[129.76523034415482,-7.813340675755269]]],[[[131.13421234088932,-7.62327848605109],[131.10674113025252,-7.680465339590401],[130.96938507706847,-7.700648934957217],[131.0014348228114,-7.660281744223585],[131.13421234088932,-7.62327848605109]]],[[[127.3889706240705,-7.64850798025961],[127.3752350187521,-7.507222812691902],[127.48511986129934,-7.530770340619853],[127.48969839640549,-7.577865396475756],[127.3889706240705,-7.64850798025961]]],[[[131.1799976919507,-7.418078599821801],[131.08842698982798,-7.4971310150084935],[131.00601335791754,-7.487039217325086],[131.0289060334482,-7.4130327009800965],[131.1799976919507,-7.418078599821801]]],[[[131.9171418440385,-7.101868939075025],[131.97666280041827,-7.174193489139447],[131.96750573020597,-7.253245904326141],[131.88051356318942,-7.16410169145604],[131.77062872064215,-7.16410169145604],[131.75689311532375,-7.110278770477866],[131.9171418440385,-7.101868939075025]]],[[[128.67553898889457,-7.180921354261719],[128.6389107080455,-7.22128854499535],[128.53360440060436,-7.152327927492063],[128.62059656762094,-7.06486568090253],[128.69843166442524,-7.108596804197298],[128.67553898889457,-7.180921354261719]]],[[[134.6779985130382,-6.757065851558595],[134.61847755665843,-6.748656020155755],[134.68715558325047,-6.593915122343503],[134.7329409343118,-6.60568888630748],[134.6779985130382,-6.757065851558595]]],[[[134.72836239920568,-6.545138100207033],[134.65968437261364,-6.560275796732144],[134.62305609176457,-6.4862692803871544],[134.7192053289934,-6.4862692803871544],[134.72836239920568,-6.545138100207033]]],[[[134.60474195134003,-6.420672595445004],[134.51317124921732,-6.5148627071568095],[134.46280736304982,-6.42403652800614],[134.36207959071484,-6.378623438430806],[134.44907175773142,-6.287797259280136],[134.60474195134003,-6.420672595445004]]],[[[134.83824724175292,-6.4593578198980675],[134.79246189069158,-6.402170966358757],[134.83824724175292,-6.287797259280136],[134.8840325928143,-6.336574281416607],[134.83824724175292,-6.4593578198980675]]],[[[134.15604551093875,-6.006908890425288],[134.2247235375308,-6.027092485792103],[134.23388060774306,-6.131374395187317],[134.33460838007804,-6.2339743383019615],[134.4216005470946,-6.279387427877296],[134.33460838007804,-6.333210348855471],[134.14230990562035,-6.158285855676404],[134.15604551093875,-6.006908890425288]]],[[[132.7046498822938,-5.615010747052955],[132.80537765462878,-5.862259790296444],[132.74127816314288,-5.951404003166545],[132.67260013655084,-5.9009450147495075],[132.67260013655084,-5.710882825045329],[132.61765771527723,-5.601555016808412],[132.7046498822938,-5.615010747052955]]],[[[132.78706351420425,-5.554459960952509],[132.80995618973492,-5.670515634311697],[132.75959230356742,-5.678925465714538],[132.75043523335515,-5.574643556319324],[132.78706351420425,-5.554459960952509]]],[[[127.24245750067416,-3.9094969385570515],[127.17377947408212,-3.9111789048376195],[127.13715119323305,-3.8455822198954692],[127.23787896556803,-3.8203527256869494],[127.24245750067416,-3.9094969385570515]]],[[[128.43287662826938,-3.6269266034216354],[128.4099839527387,-3.5411463231126694],[128.52902586549823,-3.53273649170983],[128.56107561124117,-3.5932872778102762],[128.43287662826938,-3.6269266034216354]]],[[[128.66180338357617,-3.53273649170983],[128.7075887346375,-3.500779132379039],[128.72590287506205,-3.61515283945766],[128.67096045378844,-3.5663758173211892],[128.62517510272707,-3.616834805738227],[128.57023268145346,-3.529372559148694],[128.66180338357617,-3.53273649170983]]],[[[127.5309052123607,-3.25353008913555],[127.5812690985282,-3.2686677856606616],[127.62705444958954,-3.359493964811331],[127.4805413261932,-3.2938972798691806],[127.5309052123607,-3.25353008913555]]],[[[127.77814610809202,-3.246802224013278],[127.64536859001409,-3.223254696085327],[127.70488954639384,-3.1576580111431767],[127.75983196766748,-3.1509301460209045],[127.77814610809202,-3.246802224013278]]],[[[127.9841801878681,-2.9474122260721822],[127.94755190701903,-3.0180548098560367],[127.83766706447177,-3.0348744726617163],[127.85140266979019,-2.9877794168058136],[127.9841801878681,-2.9474122260721822]]],[[[128.28636350487307,-3.502461098659607],[128.32299178572214,-3.5714217161628925],[128.3321488559344,-3.6286085697022035],[128.2543137591301,-3.616834805738227],[128.2772064346608,-3.67233969299697],[128.15816452190126,-3.7413003105002556],[128.2039498729626,-3.640382333666179],[127.9841801878681,-3.7732576698310467],[127.91092362616993,-3.702615086047193],[128.0345440740356,-3.588241378968572],[128.15816452190126,-3.583195480126869],[128.28636350487307,-3.502461098659607]]],[[[126.628933796452,-7.55768180110894],[126.72508303368085,-7.6670096093458575],[126.80291813048515,-7.663645676784721],[126.83954641133424,-7.737652193129711],[126.71134742836244,-7.7477439908131185],[126.55567723475383,-7.818386574596973],[126.46410653263112,-7.966399607286952],[126.42289971667591,-7.931078315395026],[126.189394426263,-7.922668483992187],[126.07493104860961,-7.882301293258555],[125.92841792521327,-7.914258652589346],[125.81395454755989,-8.006766798020584],[125.77274773160467,-7.991629101495472],[125.80937601245375,-7.863799664172308],[125.86889696883351,-7.813340675755269],[125.94673206563782,-7.677101407029265],[126.20313003158141,-7.712422698921192],[126.32675047944707,-7.6939210698349445],[126.50073481348021,-7.589639160439731],[126.628933796452,-7.55768180110894]]],[[[131.527966360017,-7.170829556578312],[131.63785120256424,-7.108596804197298],[131.65158680788264,-7.167465624017176],[131.70195069405014,-7.13046236584468],[131.74315751000535,-7.197741017067399],[131.64242973767037,-7.254927870606709],[131.697372158944,-7.4130327009800965],[131.64242973767037,-7.596367025562003],[131.5554375706538,-7.705694833798921],[131.3906103068329,-7.846980001366628],[131.31735374513474,-8.016858595703992],[131.2853039993918,-7.937806180517297],[131.23036157811816,-8.005084831740016],[131.11589820046478,-8.000038932898311],[131.08842698982798,-7.873891461855715],[131.16168355152615,-7.811658709474701],[131.13879087599545,-7.685511238432104],[131.20289036748136,-7.710740732640624],[131.1937332972691,-7.598048991842571],[131.25325425364883,-7.473583487080543],[131.35398202598384,-7.436580228908047],[131.39518884193905,-7.34407208347681],[131.527966360017,-7.170829556578312]]],[[[134.31171570454737,-6.857983828392672],[134.18351672157556,-6.918534614493119],[134.05531773860378,-6.773885514364275],[134.10568162477125,-6.474495516423179],[134.1880952566817,-6.4879512466677225],[134.1239957651958,-6.420672595445004],[134.10110308966512,-6.223882540618554],[134.13773137051422,-6.178469451043219],[134.2934015641228,-6.299571023244112],[134.28882302901667,-6.339938213977743],[134.43991468751915,-6.444220123372956],[134.5223283194296,-6.5888692235018],[134.31171570454737,-6.857983828392672]]],[[[134.34834398539644,-5.712564791325897],[134.45365029283755,-5.5342763655856935],[134.50401417900505,-5.547732095830237],[134.49027857368665,-5.4484960852767275],[134.57727074070323,-5.424948557348777],[134.69631265346274,-5.532594399305125],[134.6413702321891,-5.57800748888046],[134.7558336098425,-5.6738795668728335],[134.70089118856887,-5.837030296087925],[134.76499068005478,-5.890853217066099],[134.6276346268707,-5.932902374080299],[134.77414775026705,-6.091007204453685],[134.70089118856887,-6.323118551172064],[134.60474195134003,-6.36684967446683],[134.33460838007804,-6.222200574337986],[134.2934015641228,-6.156603889395836],[134.28882302901667,-5.926174508958026],[134.36207959071484,-5.848804060051901],[134.36207959071484,-5.779843442548614],[134.20640939710626,-5.727702487851008],[134.25677328327373,-5.678925465714538],[134.34834398539644,-5.712564791325897]]],[[[133.0022546641926,-5.6486500726643145],[133.11213950673985,-5.312256816550724],[133.18539606843802,-5.3088928839895875],[133.11213950673985,-5.596509117966708],[133.04804001525395,-5.650332038944883],[132.9747834535558,-5.727702487851008],[132.947312242919,-5.875715520540988],[132.84200593547786,-5.986725295058473],[132.92899810249443,-5.697427094800785],[133.0022546641926,-5.6486500726643145]]],[[[125.98793888159304,-3.246802224013278],[126.08866665392802,-3.112244921567842],[126.18481589115686,-3.1812055390711276],[126.29927926881025,-3.103835090165002],[126.41832118156978,-3.0701957645536426],[126.72050449857471,-3.0601039668702352],[126.87617469218333,-3.108880989006706],[127.09136584217168,-3.198025201876807],[127.10967998259623,-3.272031718221797],[127.0410019560042,-3.273713684502365],[127.06389463153488,-3.334264470602811],[127.16004386876372,-3.337628403163947],[127.26992871131097,-3.38472345901985],[127.24245750067416,-3.6067430080548197],[127.20582921982508,-3.6605659290329946],[127.12341558791464,-3.6538380639107224],[126.94485271877535,-3.7665298047087754],[126.73881863899925,-3.8573559838594447],[126.58772698049678,-3.8186707594063822],[126.17108028583846,-3.6016971092131156],[126.14818761030779,-3.527690592868126],[126.05203837307893,-3.446956211400864],[125.98793888159304,-3.246802224013278]]],[[[129.6095601505462,-2.804445092223906],[129.8247513005346,-2.918818799302528],[130.04452098562908,-2.994507281928085],[130.34212576752788,-2.9793695854029734],[130.48863889092422,-3.0903793599204583],[130.5756310579408,-3.1223367192512494],[130.62141640900217,-3.2114809321213507],[130.6672017600635,-3.4015431218255294],[130.76335099729235,-3.4049070543866655],[130.8732358398396,-3.5731036824434605],[130.8320290238844,-3.6925232883637857],[130.84118609409666,-3.865765815262285],[130.6031022685776,-3.778303568672751],[130.41538232922605,-3.638700367385611],[130.12693461753952,-3.531054525429262],[129.9850000292493,-3.4587299753648404],[129.96210735371864,-3.383041492739282],[129.8888507920205,-3.334264470602811],[129.54546065906032,-3.2972612124303167],[129.49967530799896,-3.332582504322244],[129.56377479948486,-3.441910312559161],[129.48593970268055,-3.4637758742065436],[129.35774071970877,-3.4082709869478016],[129.23869880694923,-3.3998611555449614],[129.11049982397745,-3.3494021671279235],[128.95940816547497,-3.356130032250195],[128.98230084100564,-3.251848122854982],[128.87699453356453,-3.2013891344379433],[128.6938531293191,-3.3477202008473554],[128.6801175240007,-3.4318185148757525],[128.4832405144369,-3.4637758742065436],[128.40082688252645,-3.4082709869478016],[128.28178496976693,-3.221572729804759],[128.18105719743193,-3.192979303035103],[128.19937133785646,-3.112244921567842],[128.13527184637059,-3.076923629675915],[128.06659381977855,-3.196343235596239],[128.05743674956628,-3.2989431787108847],[127.98875872297424,-3.3779955938975785],[127.92465923148835,-3.554602053357213],[127.89718802085153,-3.5226446940264218],[127.93381630170062,-3.388087391580986],[127.91550216127608,-3.305671043833156],[127.84224559957791,-3.17111374138772],[128.00707286339878,-3.0752416633953468],[128.10322210062765,-3.0668318319925074],[128.12153624105218,-2.944048293511046],[128.1764786623258,-2.856586046921512],[128.38251274210188,-2.859949979482648],[128.51529026017982,-2.8347204852741292],[128.6022824271964,-2.854904080640946],[128.86325892824613,-2.8616319457632162],[129.05097886759768,-2.804445092223906],[129.06471447291608,-2.8935893050940074],[129.11965689418972,-2.9558220574750225],[129.35774071970877,-2.854904080640946],[129.44473288672532,-2.7859434631376594],[129.6095601505462,-2.804445092223906]]]]},"properties":{"name":"Maluku","hcKey":"id-ma","postalCode":"MA"}},{"type":"Feature","geometry":{"type":"MultiPolygon","coordinates":[[[[117.55427721609146,-8.380163312306669],[117.48559918949942,-8.341478087853606],[117.4947562597117,-8.17496342607738],[117.66416205863871,-8.146369999307723],[117.55427721609146,-8.380163312306669]]],[[[119.09724354685912,-8.252333874983504],[119.02398698516096,-8.23215027961669],[119.0423011255855,-8.149733931868859],[119.1338718277082,-8.16655359467454],[119.09724354685912,-8.252333874983504]]],[[[116.37301515870851,-8.203556852847035],[116.63399165975824,-8.275881402911455],[116.74387650230548,-8.390255109990077],[116.68435554592573,-8.555087805485737],[116.5012141416803,-8.804018815009794],[116.5653136331662,-8.894844994160463],[116.43253611508827,-8.911664656966142],[116.47374293104349,-8.837658140621151],[116.40048636934532,-8.857841735987968],[116.40506490445145,-8.953713813980341],[116.33638687785943,-8.903254825563302],[116.20818789488763,-8.920074488368982],[116.14866693850787,-8.878025331354783],[116.00215381511154,-8.898208926721598],[115.82816948107839,-8.793927017326386],[116.0616747714913,-8.714874602139691],[116.0754103768097,-8.578635333413688],[116.02504649064221,-8.444078030968251],[116.09830305234038,-8.407074772795756],[116.27228738637353,-8.2472879761418],[116.37301515870851,-8.203556852847035]]],[[[117.82441078735346,-8.35493381809815],[117.70536887459394,-8.230468313336122],[117.72826155012461,-8.158143763271699],[117.89766734905163,-8.089183145768413],[118.11743703414612,-8.114412639976933],[118.24563601711793,-8.326340391328495],[118.30515697349769,-8.368389548342694],[118.44251302668175,-8.259061740105777],[118.64854710645784,-8.289337133156],[118.69891099262534,-8.370071514623262],[118.65770417667011,-8.52649437871608],[118.72638220326215,-8.450805896090523],[118.73096073836828,-8.349887919256446],[118.80879583517259,-8.294383031997704],[118.98735870431187,-8.309520728522815],[119.05145819579776,-8.470989491457338],[119.0423011255855,-8.629094321830726],[119.20712838940638,-8.612274659025047],[119.13845036281434,-8.745149995189916],[118.99193723941801,-8.753559826592754],[118.9003665372953,-8.689645107931172],[118.76301048411123,-8.711510669578555],[118.74469634368668,-8.775425388240137],[118.92325921282597,-8.795608983606954],[118.94615188835665,-8.83934010690172],[118.83168851070326,-8.849431904585128],[118.7584319490051,-8.802336848729226],[118.46540570221242,-8.866251567390808],[118.38757060540811,-8.793927017326386],[118.43335595646948,-8.70814673701742],[118.3967276756204,-8.67618937768663],[118.15864385010136,-8.869615499951944],[118.08080875329705,-8.844386005743424],[117.88851027883936,-8.938576117455229],[117.73741862033688,-8.909982690685574],[117.5588557511976,-9.000808869836243],[117.33450753099696,-9.057995723375555],[117.17425880228222,-9.034448195447602],[117.12847345122086,-9.089953082706344],[117.00943153846134,-9.106772745512025],[116.76219064273002,-9.017628532641924],[116.73471943209321,-8.876343365074215],[116.82171159910979,-8.785517185923545],[116.74845503741162,-8.664415613722653],[116.84002573953433,-8.509674715910402],[116.98653886293066,-8.497900951946425],[117.1971514778129,-8.356615784378718],[117.43523530333194,-8.481081289140747],[117.44439237354422,-8.410438705356892],[117.55427721609146,-8.405392806515188],[117.59090549694055,-8.513038648471538],[117.62753377778964,-8.457533761212796],[117.6504264533203,-8.550041906644033],[117.73284008523075,-8.566861569449712],[117.80609664692892,-8.719920500981395],[117.88393174373321,-8.69973690561458],[117.96634537564366,-8.746831961470484],[118.06707314797865,-8.654323816039245],[118.282264297967,-8.640868085794702],[118.13117263946454,-8.48612718798245],[118.00297365649274,-8.470989491457338],[117.82441078735346,-8.35493381809815]]]]},"properties":{"name":"Nusa Tenggara Barat","hcKey":"id-nb","postalCode":"NB"}},{"type":"Feature","geometry":{"type":"MultiPolygon","coordinates":[[[[124.06953267212226,-6.010272822986424],[124.04206146148545,-6.0220465869504],[123.96422636468115,-5.916082711274619],[124.03748292637931,-5.914400744994051],[124.06953267212226,-6.010272822986424]]],[[[123.6345718370394,-5.3677617038094665],[123.56131527534123,-5.352624007284355],[123.5430011349167,-5.243296199047438],[123.62541476682712,-5.268525693255957],[123.6345718370394,-5.3677617038094665]]],[[[121.91762117223858,-5.09360120007689],[121.96798505840607,-5.068371705868371],[122.06413429563491,-5.191155244349831],[122.05039869031651,-5.433358388751616],[121.96798505840607,-5.465315748082407],[121.8809928913895,-5.387945299176281],[121.8031577945852,-5.25843389557255],[121.85352168075269,-5.103692997760297],[121.91762117223858,-5.09360120007689]]],[[[123.080569089197,-4.002005083988289],[123.20418953706266,-3.9935952525854486],[123.25455342323015,-4.09114929685839],[123.16756125621357,-4.222342666742691],[123.08514762430313,-4.235798396987234],[122.97526278175589,-4.128152555030885],[122.94779157111907,-4.0491001398441915],[123.02562666792338,-3.9734116572186338],[123.080569089197,-4.002005083988289]]],[[[121.08890631802807,-2.910408967899688],[121.16216287972622,-2.8734057097271926],[121.27662625737962,-2.8784516085688967],[121.47350326694344,-3.0197367761366047],[121.5971237148091,-2.972641720280702],[121.78026511905452,-2.9844154842446775],[122.05497722542265,-3.0920613262010264],[122.20606888392513,-3.112244921567842],[122.34342493710919,-3.2350284600493024],[122.2930610509417,-3.312398908955428],[122.37547468285214,-3.3729496950558744],[122.25185423498648,-3.3763136276170105],[122.2930610509417,-3.452002110242568],[122.201490348819,-3.556284019637781],[122.25185423498648,-3.6538380639107224],[122.3571605424276,-3.727844580255712],[122.44415270944417,-3.7328904790974162],[122.52656634135461,-3.865765815262285],[122.66850092964481,-3.919588736240459],[122.55403755199143,-3.976775589779769],[122.6547653243264,-4.007050982829993],[122.67307946475094,-4.124788622469749],[122.84248526367796,-4.126470588750317],[122.77838577219205,-4.0507821061247595],[122.84706379878409,-4.057509971247031],[122.91116329026998,-4.195431206253603],[122.90200622005771,-4.390539294799486],[122.84248526367796,-4.4409982832165245],[122.66850092964481,-4.316532778454496],[122.76922870197978,-4.476319575108452],[122.59982290305277,-4.39558519364119],[122.49451659561166,-4.43595238437482],[122.43041710412577,-4.415768789008005],[122.10534111159015,-4.520050698403218],[122.04124162010424,-4.705066989265693],[122.13281232222695,-4.800939067258066],[121.99087773393676,-4.856443954516808],[121.82147193500974,-4.81439479750261],[121.70243002225021,-4.8362603591499935],[121.55591689885388,-4.743752213718755],[121.48266033715572,-4.65797193340979],[121.53760275842934,-4.23075249814553],[121.5833881094907,-4.237480363267802],[121.62917346055205,-4.086103398016686],[121.55133836374775,-4.0221886793551045],[121.35446135418393,-3.9666837920963616],[121.26289065206122,-3.835490422212061],[121.16216287972622,-3.7968051977589985],[120.89660784357037,-3.5394643568321014],[120.86913663293356,-3.446956211400864],[120.9790214754808,-3.2686677856606616],[121.06601364249738,-3.192979303035103],[121.05227803717898,-3.0651498657119394],[121.08890631802807,-2.910408967899688]]],[[[122.73717895623685,-4.644516203165247],[122.77838577219205,-4.950634066228614],[122.64102971900799,-5.07678153727121],[122.59524436794663,-5.2281585025223265],[122.6547653243264,-5.320666647953564],[122.6044014381589,-5.414856759665369],[122.54030194667301,-5.429994456190481],[122.5128307360362,-5.285345356061637],[122.47162392008099,-5.3963551305791215],[122.40752442859508,-5.350942041003787],[122.27932544562329,-5.3677617038094665],[122.33884640200304,-5.108738896602001],[122.40294589348895,-5.063325807026667],[122.32968933179077,-4.8345783928694255],[122.40752442859508,-4.737024348596484],[122.49909513071779,-4.726932550913077],[122.65934385943254,-4.624332607798431],[122.73717895623685,-4.644516203165247]]],[[[122.80127844772274,-5.229840468802894],[122.75549309666138,-5.164243783860744],[122.80585698282887,-5.043142211659851],[122.85622086899636,-4.819440696344314],[122.84706379878409,-4.64956210200695],[122.90658475516385,-4.472955642547316],[123.01646959771111,-4.390539294799486],[123.19045393174426,-4.567145754259121],[123.21334660727493,-4.676473562496038],[123.21792514238106,-4.81439479750261],[123.12177590515222,-4.711794854387964],[123.05309787856018,-4.738706314877052],[123.01646959771111,-4.928768504581231],[122.9661057115436,-4.992683223242813],[122.98441985196816,-5.088555301235186],[122.94779157111907,-5.1709716489830155],[123.02104813281724,-5.1423782222133605],[123.19045393174426,-5.248342097889141],[123.21334660727493,-5.302165018867316],[123.14924711578904,-5.386263332895713],[123.06225494877246,-5.418220692226504],[122.97984131686202,-5.392991198017985],[122.8745350094209,-5.458587882960136],[122.91574182537613,-5.525866534182854],[122.82874965835956,-5.6755615331534015],[122.73717895623685,-5.628466477297499],[122.63645118390185,-5.663787769189426],[122.56777315730983,-5.505682938816038],[122.7326004211307,-5.253387996730845],[122.80127844772274,-5.229840468802894]]]]},"properties":{"name":"Sulawesi Tenggara","hcKey":"id-sg","postalCode":"SG"}},{"type":"Feature","geometry":{"type":"MultiPolygon","coordinates":[[[[123.86807712745231,-2.0071930752346976],[123.790242030648,-1.9920553787095852],[123.790242030648,-1.874317739069829],[123.84518445192163,-1.9281406600480029],[123.86807712745231,-2.0071930752346976]]],[[[123.09888322962155,-1.8945013344366437],[123.0668334838786,-1.8928193681560757],[123.10346176472768,-1.7464883017466644],[123.15382565089517,-1.822176784372223],[123.09888322962155,-1.8945013344366437]]],[[[123.5704723455535,-1.598475269056685],[123.61625769661485,-1.623704763265204],[123.57505088065963,-1.7212588075381454],[123.48805871364306,-1.6993932458907608],[123.47432310832465,-1.5648359434453258],[123.52010845938601,-1.484101561978063],[123.5704723455535,-1.598475269056685]]],[[[121.85352168075269,-0.3992333110117343],[121.91762117223858,-0.46819392851502073],[121.8809928913895,-0.5102430855292184],[121.67953734671954,-0.4698758947955888],[121.85352168075269,-0.3992333110117343]]],[[[122.05955576052878,-0.3269087609473118],[122.07786990095333,-0.2680399411274337],[122.12365525201469,-0.3925054458894621],[121.931356777557,-0.416052973817413],[121.87641435628336,-0.3958693784505982],[121.92677824245087,-0.31177106442220115],[122.05955576052878,-0.3269087609473118]]],[[[119.56425412768495,-0.8348625776788339],[119.68329604044447,-0.7389904996864605],[119.65582482980766,-0.7070331403556693],[119.73365992661195,-0.6313446577301125],[119.84812330426534,-0.8752297684124652],[119.85728037447761,-0.7171249380390776],[119.79318088299172,-0.6077971298021598],[119.75655260214263,-0.4715578610761568],[119.78860234788559,-0.108253144473478],[119.72908139150582,-0.12339084099859043],[119.6375106893831,-0.05274825721473597],[119.67413897023219,0.02966809053309305],[119.82523062873466,-0.0880695491066632],[119.88475158511443,0.07171724754729247],[119.78860234788559,0.23823190932352034],[119.8664374446899,0.2870089314599902],[119.85270183937148,0.34083185243816416],[119.91222279575123,0.47370718860303285],[120.03126470851076,0.5157563456172323],[120.0221076382985,0.6688152771489158],[120.06331445425371,0.7411398272133383],[120.23729878828686,0.8336479726445756],[120.27850560424208,0.9934347692985313],[120.34260509572798,0.985024937895691],[120.34718363083411,0.8571955005725265],[120.57153185103475,0.7831889842275359],[120.69057376379428,0.9967987018596656],[120.7317805797495,0.9816610053345549],[120.80045860634152,1.069123251924088],[120.81877274676607,1.3096444300453047],[120.91034344888878,1.3516935870595042],[121.15758434462009,1.3029165649230343],[121.26289065206122,1.2305920148586118],[121.45061059141277,1.2995526323618982],[121.42771791588208,1.2305920148586118],[121.47808180204959,1.122946172902262],[121.63375199565819,1.0623953868018159],[121.92677824245087,1.0977166786937431],[121.96798505840607,1.0304380274710248],[122.0870269711656,1.0623953868018159],[122.19691181371286,1.0253921286293224],[121.99545626904289,0.9379298820397874],[121.83978607543429,0.9715692076511466],[121.50555301268639,0.8454217366085501],[121.3773540297146,0.8622413994142306],[121.30409746801644,0.8269201075223034],[121.2354194414244,0.7260021306882258],[121.16216287972622,0.6856349399545945],[121.25373358184893,0.5847169631205187],[121.33156867865324,0.5763071317176784],[121.33614721375938,0.4619334246390583],[121.16674141483236,0.4585694920779222],[121.12095606377102,0.4131564025025867],[120.98817854569307,0.44679572811394586],[120.89202930846423,0.424930166466563],[120.67683815847587,0.532576008422911],[120.50285382444272,0.5292120758617749],[120.37465484147093,0.478753087444737],[120.27392706913594,0.3795170768912275],[120.1274139457396,0.18104505578421026],[120.08620712978438,0.007802528885710203],[120.0221076382985,-0.07293185258155077],[119.99463642766167,-0.2108530875881236],[120.09078566489052,-0.6582561182191995],[120.241877323393,-0.8853215660958718],[120.32429095530344,-0.9391444870740475],[120.41128312232001,-0.9038231951821203],[120.49827528933659,-0.9727838126854067],[120.58068892124703,-1.1039771825697056],[120.56695331592861,-1.2133049908066234],[120.67683815847587,-1.3932753828273938],[120.82792981697834,-1.341134428129788],[120.8874507733581,-1.3949573491079619],[120.98817854569307,-1.3831835851439873],[121.07517071270965,-1.4218688095970489],[121.16674141483236,-1.3226327990435394],[121.19879116057531,-1.201531226842647],[121.26746918716735,-1.147708305864473],[121.50097447758026,-0.8584101056067848],[121.661223206295,-0.812997016031451],[121.71616562756863,-0.9340985882323434],[121.92677824245087,-0.9526002173185901],[122.10534111159015,-0.9273707231100712],[122.15570499775762,-0.7995412857869066],[122.20606888392513,-0.7675839264561155],[122.61355850837118,-0.7524462299310049],[122.7188648158123,-0.7928134206646344],[122.91574182537613,-0.7625380276144114],[122.95694864133134,-0.7305806682836202],[122.77838577219205,-0.6868495449888545],[122.7326004211307,-0.6498462868163593],[122.82417112325342,-0.6111610623632959],[123.02562666792338,-0.5993872983993214],[123.07599055409086,-0.5573381413851219],[123.24081781791175,-0.5707938716296646],[123.40106654662648,-0.6448003879746551],[123.45143043279398,-0.7591740950532753],[123.38275240620194,-1.0030592057356298],[123.30949584450377,-1.0518362278720996],[123.14924711578904,-0.9357805545129114],[123.09430469451542,-0.8331806113982658],[123.05767641366631,-0.8785937009736013],[122.810435517935,-0.9240067905489351],[122.7188648158123,-1.1107050476919778],[122.64560825411414,-1.1594820698284494],[122.47620245518712,-1.3815016188634193],[122.36631761263986,-1.4941933596614714],[122.18317620839444,-1.6152949318623637],[122.01834894457357,-1.6169768981429318],[121.79857925947906,-1.7195768412575774],[121.69327295203794,-1.90627509840062],[121.54218129353548,-1.9264586937674348],[121.44145352120049,-1.8120849866888147],[121.3132545382287,-1.7834915599191596],[121.34530428397164,-1.8558161099835804],[121.34072574886551,-1.990373412429017],[121.40482524035141,-1.9096390309617561],[121.53302422332321,-2.0610159962128716],[121.57423103927843,-2.163615939327517],[121.70243002225021,-2.182117568413764],[121.82147193500974,-2.2880814440895456],[121.8809928913895,-2.412546948851574],[122.01834894457357,-2.6160648688002954],[122.01377040946743,-2.693435317706422],[122.17859767328831,-2.806127058504474],[122.19233327860671,-2.8666778446049204],[122.31137519136624,-2.9255466644247994],[122.27932544562329,-3.0416023377839876],[122.46704538497485,-3.1761596402294243],[122.43041710412577,-3.243438291452142],[122.34342493710919,-3.2350284600493024],[122.20606888392513,-3.112244921567842],[122.05497722542265,-3.0920613262010264],[121.78026511905452,-2.9844154842446775],[121.5971237148091,-2.972641720280702],[121.77568658394839,-2.80108115966277],[121.78942218926679,-2.6698877897784694],[121.45061059141277,-2.3889994209236214],[121.34988281907778,-2.348632230189992],[120.80503714144766,-2.240986388233642],[120.62189573720224,-2.1047471195076373],[120.44791140316909,-1.8642259413864206],[120.40670458721388,-1.8356325146167656],[120.29224120956049,-1.901229199558916],[120.15488515637642,-1.8591800425447165],[120.04957884893531,-1.8625439751058526],[119.87101597979603,-1.9550521205370899],[119.82523062873466,-1.874317739069829],[119.84812330426534,-1.791901391321998],[119.72450285639968,-1.6152949318623637],[119.69245311065674,-1.4588720677695441],[119.64208922448924,-1.3949573491079619],[119.49557610109291,-1.3310426304463796],[119.48641903088064,-1.287311507151614],[119.60088240853403,-1.1527542047061772],[119.57341119789722,-1.0535181941526677],[119.56425412768495,-0.8348625776788339]]],[[[122.83790672857182,-1.2721738106265015],[122.89742768495158,-1.1847115640369683],[122.97068424664975,-1.1914394291592405],[123.19961100195653,-1.1561181372673133],[123.24539635301788,-1.2233967884900316],[123.19961100195653,-1.2553541478208228],[123.23166074769946,-1.39663931538853],[123.40564508173262,-1.2183508896483275],[123.5430011349167,-1.2721738106265015],[123.52926552959828,-1.4319606072804572],[123.46058750300625,-1.4941933596614714],[123.35985973067126,-1.51101302246715],[123.32780998492831,-1.4218688095970489],[123.25913195833628,-1.4672818991723844],[123.25455342323015,-1.623704763265204],[123.17671832642584,-1.623704763265204],[123.11261883493995,-1.5564261120424856],[123.18587539663812,-1.4857835282586311],[123.16298272110744,-1.3108590350795648],[123.09430469451542,-1.346180326971492],[122.99357692218042,-1.51101302246715],[122.8745350094209,-1.5833375725315726],[122.810435517935,-1.4454163375250015],[122.83790672857182,-1.2721738106265015]]]]},"properties":{"name":"Sulawesi Tengah","hcKey":"id-st","postalCode":"ST"}},{"type":"Feature","geometry":{"type":"MultiPolygon","coordinates":[[[[138.90398641600126,-8.349887919256446],[138.894829345789,-8.405392806515188],[138.5605962830411,-8.365025615781558],[138.5605962830411,-8.30615679596168],[138.6887952660129,-8.180009324919084],[138.8307298543031,-8.185055223760786],[138.83988692451535,-8.275881402911455],[138.90398641600126,-8.349887919256446]]],[[[138.74831622239265,-6.861347760953808],[138.68421673090674,-6.846210064428696],[138.62927430963313,-6.7200625933861],[138.74831622239265,-6.7671576492420025],[138.74831622239265,-6.861347760953808]]],[[[135.12669495343948,-1.4756917305752246],[135.33272903321557,-1.484101561978063],[135.27778661194196,-1.5227867864311264],[135.1038022779088,-1.5194228538699903],[135.12669495343948,-1.4756917305752246]]],[[[134.92981794387566,-1.0720198232389144],[134.99849597046767,-1.0165149359801724],[134.95728915451247,-1.1292066767782263],[134.85198284707135,-1.1090230814114097],[134.80161896090385,-1.0282886999441487],[134.87945405770816,-0.9374625207934795],[134.95728915451247,-0.9996952731744937],[134.92981794387566,-1.0720198232389144]]],[[[138.02948621072937,-7.6115047220871155],[138.24467736071773,-7.458445790555431],[138.3957690192202,-7.404622869577256],[138.62011723942086,-7.362573712563058],[138.80325864366628,-7.372665510246465],[138.94061469685033,-7.540862138303261],[139.0779707500344,-7.57450146391462],[138.9864000479117,-7.739334159410279],[138.9864000479117,-7.830160338560949],[138.8810937404706,-7.931078315395026],[138.89025081068286,-8.042088089912511],[138.74831622239265,-8.151415898149427],[138.66132405537607,-8.168235560955107],[138.6018030989963,-8.252333874983504],[138.44155437028158,-8.378481346026101],[138.2904627117791,-8.417166570479164],[138.17599933412572,-8.383527244867805],[137.8509233415901,-8.376799379745533],[137.64031072670787,-8.425576401882005],[137.63573219160173,-8.38857314370951],[137.75935263946738,-8.07572741552387],[137.80055945542261,-8.042088089912511],[137.89670869265143,-7.816704608316405],[138.02948621072937,-7.6115047220871155]]],[[[136.27132872997333,-1.907957064681188],[135.71732598213094,-1.702757178451897],[135.48382069171805,-1.6741637516822419],[135.41972120023215,-1.6102490330206596],[135.47924215661192,-1.5883834713732767],[135.89588885127023,-1.650616223754291],[136.18891509806292,-1.653980156315427],[136.39037064273288,-1.7263047063798496],[136.7062895650562,-1.7296686389409839],[136.84822415334642,-1.7649899308329111],[136.87569536398323,-1.8171308855305188],[136.7291822405869,-1.8289046494944934],[136.6421900735703,-1.877681671630965],[136.45447013421875,-1.8945013344366437],[136.34000675656537,-1.8608620088252845],[136.27132872997333,-1.907957064681188]]],[[[135.39682852470148,-0.7221708368807818],[135.42429973533828,-0.6532102193774953],[135.60286260447756,-0.6952593763916948],[135.67611916617574,-0.6868495449888545],[135.77684693851072,-0.7474003310893007],[135.8501035002089,-0.6935774101111267],[136.06529465019725,-0.8701838695707611],[136.19349363316906,-1.066973924397212],[136.29422140550403,-1.0552001604332357],[136.37663503741447,-1.095567351166867],[136.29422140550403,-1.1847115640369683],[136.14312974700155,-1.2217148222094636],[135.99203808849907,-1.1678919012312878],[135.90962445658863,-1.1880754965981044],[135.82721082467822,-1.1073411151308417],[135.78142547361685,-0.8735478021318972],[135.74479719276775,-0.8197248811537232],[135.6578050257512,-0.8886854986570079],[135.48382069171805,-0.757492128772709],[135.39682852470148,-0.7221708368807818]]],[[[134.67341997793207,-2.8364024515546973],[134.70089118856887,-2.9591859900361577],[134.77414775026705,-2.9776876191224053],[134.85198284707135,-2.8986352039357115],[134.81535456622225,-3.135792449495793],[134.87945405770816,-3.243438291452142],[134.96644622472473,-3.2367104263298705],[134.98476036514927,-3.3275366054805398],[135.31899342789717,-3.386405425300418],[135.47008508639965,-3.361175931091899],[135.63949088532667,-3.1795235727905595],[135.76768986829845,-3.110562955287274],[135.74479719276775,-3.076923629675915],[135.90962445658863,-2.9844154842446775],[135.96456687786227,-2.775851665454251],[136.0744517204095,-2.6732517223396055],[136.2667501948672,-2.5588780152609854],[136.40410624805128,-2.219120826586259],[136.7566534512237,-2.2477142533559142],[137.02220848737957,-2.1165208834716136],[137.22366403204953,-2.0761536927379822],[137.205349891625,-1.9500062216953857],[137.10462211929,-1.8860915030338035],[137.14125040013909,-1.7868554924802957],[137.34728447991517,-1.7111670098547371],[137.53500441926673,-1.598475269056685],[137.79598092031648,-1.484101561978063],[137.92417990328826,-1.4857835282586311],[138.07527156179071,-1.6119309993012276],[138.35914073837114,-1.709485043574169],[138.6659025904822,-1.7885374587608638],[138.80325864366628,-1.9214127949257307],[139.10544196067121,-2.0105570077958337],[139.2840048298105,-2.123248748593886],[139.8654787882897,-2.3704977918373746],[140.16766210529465,-2.325084702262039],[140.213447456356,-2.4007731848875977],[140.33248936911554,-2.4545961058657717],[140.38743179038914,-2.3990912186070297],[140.60720147548366,-2.439458409340661],[140.7445575286677,-2.498327229160539],[140.69877217760637,-2.605973071116887],[140.9734842839745,-2.5992452059946167],[140.9734842839745,-3.250166156574414],[140.97806281908063,-4.997729122084516],[140.97806281908063,-6.334892315136039],[140.9505916084438,-6.479541415264883],[140.85902090632112,-6.609052818868615],[140.84986383610885,-6.701560964299852],[140.91854186270086,-6.861347760953808],[140.97806281908063,-6.894987086565167],[140.97806281908063,-9.105090779231457],[140.85902090632112,-9.047903925692147],[140.62093708080207,-8.809064713851498],[140.50647370314869,-8.639186119514134],[140.25465427231123,-8.407074772795756],[140.0348845872167,-8.2472879761418],[139.97078509573083,-8.143006066746588],[140.03946312232284,-8.043770056193079],[139.9295782797756,-8.10936674113523],[139.6319734978768,-8.126186403940908],[139.51293158511726,-8.180009324919084],[139.35726139150867,-8.19851095400533],[139.2840048298105,-8.173281459796812],[139.22448387343073,-8.07572741552387],[139.08712782024668,-8.13291426906318],[138.91314348621353,-8.291019099436568],[138.83988692451535,-8.137960167904884],[138.9223005564258,-8.080773314365574],[138.9085649511074,-7.922668483992187],[138.99097858301784,-7.865481630452876],[139.00471418833624,-7.754471855935391],[139.0917063553528,-7.559363767389508],[138.95435030216873,-7.505540846411334],[138.88567227557672,-7.3592097800019225],[138.68421673090674,-7.191013151945127],[138.90398641600126,-7.201104949628535],[139.00471418833624,-7.239790174081597],[139.1558058468387,-7.241472140362165],[138.96808590748714,-7.16410169145604],[138.76205182771105,-7.115324669319569],[138.5743318883595,-6.94208214242107],[138.57891042346563,-6.889941187723463],[138.73915915218038,-6.896669052845735],[138.93145762663806,-6.844528098148128],[139.12375610109575,-6.968993602910157],[139.0001356532301,-6.8512559632704],[138.82157278409082,-6.805842873695066],[138.67048112558834,-6.694833099177581],[138.71168794154357,-6.6275544479548625],[138.46902558091838,-6.402170966358757],[138.39119048411408,-6.2356563045825295],[138.36371927347727,-6.092689170734253],[138.26757003624843,-5.884125351943828],[138.37745487879567,-5.85721389145474],[138.20804907986866,-5.825256532123949],[138.15768519370118,-5.773115577426343],[138.35914073837114,-5.678925465714538],[138.23552029050546,-5.685653330836809],[138.07069302668458,-5.729384454131576],[138.07527156179071,-5.418220692226504],[137.98370085966803,-5.468679680643543],[137.915022833076,-5.387945299176281],[137.92417990328826,-5.329076479356403],[137.82345213095329,-5.36439777124833],[137.70898875329988,-5.223112603680622],[137.5807897703281,-5.182745412946991],[137.46632639267472,-5.096965132638026],[137.40680543629495,-5.095283166357458],[137.2831849884293,-4.938860302264638],[137.2190854969434,-5.012866818609628],[136.95353046078753,-4.922040639458959],[136.9489519256814,-4.876627549883624],[136.8207529427096,-4.928768504581231],[136.3537423618838,-4.679837495057174],[136.2667501948672,-4.678155528776606],[136.0332449044543,-4.5839654170648005],[135.9691454129684,-4.51836873212265],[135.7264830523432,-4.49313923791413],[135.42887827044441,-4.430906485533116],[135.22742272577446,-4.459499912302772],[134.95728915451247,-4.319896711015632],[134.87487552260203,-4.25598199235405],[135.26862954172967,-3.759801939586503],[134.25677328327373,-3.4015431218255294],[134.2521947481676,-3.307353010113724],[134.3300298449719,-3.189615370473968],[134.45365029283755,-3.078605595956483],[134.44449322262528,-3.024782674978308],[134.67341997793207,-2.8364024515546973]]]]},"properties":{"name":"Papua","hcKey":"id-pa","postalCode":"PA"}},{"type":"Feature","geometry":{"type":"Polygon","coordinates":[[[106.40554423265155,-6.9925411308381085],[106.4513295837129,-6.836118266745289],[106.50627200498653,-6.782295345767114],[106.42385837307609,-6.698197031738717],[106.40554423265155,-6.524954504840218],[106.41927983796995,-6.371895573308533],[106.46048665392517,-6.339938213977743],[106.62989245285219,-6.385351303553078],[106.76724850603625,-6.371895573308533],[106.76266997093012,-6.30125298952468],[106.92749723475099,-6.381987370991942],[106.98243965602461,-6.2356563045825295],[106.98701819113076,-6.077551474209142],[107.04196061240438,-5.914400744994051],[107.15184545495163,-5.973269564813929],[107.3533009996216,-5.976633497375065],[107.46776437727497,-6.143148159151292],[107.61885603577745,-6.188561248726627],[107.67837699215721,-6.240702203424234],[107.81115451023514,-6.190243215007195],[108.09502368681554,-6.326482483733199],[108.20032999425666,-6.276023495316161],[108.20032999425666,-6.22724647317969],[108.35600018786526,-6.245748102265938],[108.36973579318366,-6.339938213977743],[108.45672796020024,-6.442538157092388],[108.53914159211068,-6.4862692803871544],[108.60324108359659,-6.760429784119731],[108.74975420699292,-6.812570738817337],[108.89168879528312,-6.812570738817337],[108.8001180931604,-6.9353542772987975],[108.79096102294814,-7.063183714621962],[108.6948117857193,-7.140554163528089],[108.57576987295977,-7.16410169145604],[108.5528771974291,-7.308750791584883],[108.66734057508248,-7.342390117196242],[108.74517567188678,-7.537498205742125],[108.73601860167452,-7.603094890684275],[108.8001180931604,-7.663645676784721],[108.71312592614383,-7.6670096093458575],[108.67191911018861,-7.7225144966045995],[108.53914159211068,-7.6922391035543765],[108.4521494250941,-7.820068540877541],[108.32852897722844,-7.816704608316405],[107.95308909852534,-7.739334159410279],[107.86151839640263,-7.7477439908131185],[107.80657597512901,-7.685511238432104],[107.68753406236948,-7.660281744223585],[107.59138482514064,-7.571137531353484],[107.41282195600135,-7.4971310150084935],[107.2113664113314,-7.485357251044519],[107.1106386389964,-7.456763824274863],[106.52458614541106,-7.40966876841896],[106.39638716243928,-7.379393375368737],[106.38265155712087,-7.246518039203869],[106.53832175072948,-7.053091916938555],[106.53832175072948,-6.982449333154701],[106.4513295837129,-6.955537872665613],[106.40554423265155,-6.9925411308381085]]]},"properties":{"name":"Jawa Barat","hcKey":"id-jr","postalCode":"JR"}},{"type":"Feature","geometry":{"type":"Polygon","coordinates":[[[114.20736805350643,1.4374738673684693],[114.39508799285798,1.5030705523106196],[114.50039430029909,1.4357919010879012],[114.56907232689113,1.4946607209077811],[114.66064302901384,1.3567394859012083],[114.92161953006355,1.2810510032756497],[115.02234730239854,1.213772352052933],[115.12765360983965,1.0977166786937431],[115.46646520769369,1.096034712413175],[115.51225055875503,1.3584214521817763],[115.65418514704524,1.3685132498651846],[115.89226897256428,1.4273820696850628],[116.2036093597815,1.8646933026327304],[116.1898737544631,1.9841129085530547],[116.24939471084285,2.0295259981283884],[116.31807273743487,2.327234029788917],[116.41880050976987,2.3474176251557317],[116.51037121189258,2.4752470624788963],[116.55615656295393,2.4197421752201542],[116.73929796719935,2.4046044786950436],[117.00027446824907,2.495430657845713],[117.05979542462883,2.5627093090684294],[117.23377975866198,2.6013945335214927],[117.34824313631538,2.5946666683992206],[117.42149969801353,2.5156142532125276],[117.59548403204668,2.493748691565145],[117.70536887459394,2.354145490278004],[117.86103906820254,2.2885488053358536],[117.97550244585594,2.466837231076058],[118.09454435861545,2.2616373448467666],[117.94345270011299,2.165765266854393],[117.90224588415776,2.048027627214637],[117.73741862033688,2.044663694653501],[117.87019613841481,1.9891588073947588],[117.86103906820254,1.8882408305606813],[117.92513855968843,1.8175982467768268],[118.04418047244796,1.7856408874460357],[118.1265941043584,1.6527655512811688],[118.42419888625722,1.4862508895049409],[118.3967276756204,1.4526115638935817],[118.6164973607149,1.3533755533400722],[118.72638220326215,1.2541395427865627],[118.85915972134008,1.0573494879601135],[119.00567284473641,1.037165892593297],[119.00567284473641,0.9614774099677401],[118.79963876496032,0.8050545458749205],[118.68517538730693,0.8471037028891182],[118.5661334745474,0.8050545458749205],[118.42877742136335,0.8386938714862797],[118.38299207030198,0.8067365121554886],[118.31889257881609,0.8588774668530945],[118.18611506073816,0.8740151633782052],[118.06707314797865,0.929520050636949],[117.98923805117434,1.0792150496074964],[117.90224588415776,1.0792150496074964],[118.03044486712955,0.8605594331336626],[117.99381658628047,0.78823488306924],[117.91598148947617,0.840375837766846],[117.81067518203506,0.8101004447166229],[117.72826155012461,0.7142283667242495],[117.72368301501848,0.6519956143432353],[117.61837670757737,0.5039825816532559],[117.46728504907489,0.1104024720003558],[117.5313845405608,-0.03256466184792117],[117.48559918949942,-0.09311544794836735],[117.43523530333194,-0.2613120760051615],[117.49017772460556,-0.389141513328326],[117.43981383843808,-0.5270627483348989],[117.59548403204668,-0.42446280522025326],[117.60006256715282,-0.5220168494931947],[117.54054161077306,-0.6952593763916948],[117.61379817247122,-0.7877675218229321],[117.38029288205831,-0.8415904428011061],[117.33908606610309,-0.9004592626209842],[117.27956510972334,-0.8096330834703149],[117.24751536398038,-0.9088690940238244],[117.16510173206994,-0.9795116778076771],[117.02316714377974,-1.201531226842647],[116.82171159910979,-1.2620820129430932],[116.7850833182607,-1.1594820698284494],[116.71640529166866,-1.1241607779365221],[116.78966185336684,-1.2435803838568464],[116.76219064273002,-1.3646819560577388],[116.61109898422755,-1.4185048770359128],[116.53784242252938,-1.480737629416927],[116.55615656295393,-1.6068851004595235],[116.32265127254101,-1.704439144732465],[116.22192350020603,-1.7885374587608638],[116.37759369381465,-1.7649899308329111],[116.44627172040667,-1.7952653238831342],[116.41422197466372,-1.8457243123001739],[116.46916439593736,-1.90627509840062],[116.46000732572509,-2.02064880547924],[116.28602299169194,-2.1703438044497876],[116.37301515870851,-2.1400684113995645],[116.40964343955758,-2.2039831300611468],[116.52868535231711,-2.1703438044497876],[116.60652044912142,-2.1955732986583083],[116.57447070337847,-2.3620879604345344],[116.39132929913305,-2.3133109382980646],[116.04336063106675,-2.2863994778089776],[115.99299674489926,-2.271261781283865],[115.87395483213973,-2.348632230189992],[115.81443387575997,-2.182117568413764],[115.82816948107839,-2.045878299687759],[115.74575584916795,-2.0021471763929934],[115.74117731406182,-1.7851735261997277],[115.63129247151456,-1.5227867864311264],[115.5717715151348,-1.5160589213088542],[115.67707782257591,-1.423550775877617],[115.71828463853113,-1.426914708438753],[115.80069827044157,-1.2940393722738843],[115.8052768055477,-1.0871575197640269],[115.74117731406182,-1.1056591488502736],[115.62671393640842,-0.9795116778076771],[115.46188667258755,-0.8870035323764398],[115.41610132152618,-0.7743117915783877],[115.37947304067711,-0.5825676355936409],[115.33368768961574,-0.5102430855292184],[115.27416673323599,-0.31177106442220115],[115.27874526834212,-0.21926291899096384],[115.34742329493416,0.0027566300440060587],[115.18717456621941,0.006120562605142155],[115.004033161974,-0.17889572825733246],[114.9674048811249,-0.09647938050950344],[115.01776876729241,0.05994348358331614],[114.9536692758065,0.2836449988988541],[114.9674048811249,0.3626974140855488],[115.07271118856603,0.534257974703479],[115.05897558324762,0.6368579178181246],[114.97656195133717,0.7344119620910661],[114.733899590712,0.6721792097100519],[114.66064302901384,0.6217202212930122],[114.37677385243343,0.5880808956816548],[114.18447537797574,0.6519956143432353],[114.03338371947328,0.6469497155015329],[113.96928422798737,0.6065825247679015],[113.77698575352969,0.5578055026314299],[113.91434180671375,0.7377758946522022],[113.95097008756284,0.8639233656947987],[113.86397792054626,0.9026085901478602],[113.86397792054626,0.9782970727734188],[114.19363244818801,1.213772352052933],[114.20736805350643,1.4374738673684693]]]},"properties":{"name":"Kalimantan Timur","hcKey":"id-ki","postalCode":"KI"}},{"type":"Feature","geometry":{"type":"Polygon","coordinates":[[[103.60805928280276,-4.9153127743366865],[103.73167973066842,-4.841306257991697],[103.76372947641137,-4.802621033538634],[103.85530017853408,-4.853080021955672],[103.88734992427703,-4.933814403422934],[104.07964839873472,-4.94558816738691],[104.20784738170651,-4.893447212689304],[104.29483954872309,-4.8900832801281675],[104.33604636467831,-4.81439479750261],[104.26278980298014,-4.708430921826829],[104.30857515404149,-4.627696540359567],[104.30857515404149,-4.439316316935956],[104.52376630402986,-4.318214744735064],[104.67485796253233,-4.29634918308768],[104.83968522635321,-4.218978734181555],[104.97704127953727,-4.1887033411313315],[105.1098187976152,-4.060873903808167],[105.12813293803974,-3.956591994412954],[105.2654889912238,-3.8859494106290997],[105.31127434228516,-3.756438007025368],[105.51272988695513,-3.870811714103988],[105.58598644865329,-3.958273960693522],[105.5997220539717,-4.047418173563623],[105.70960689651895,-4.150018116678268],[105.82864880927848,-4.15674598180054],[105.81491320396006,-4.3013950819293845],[105.90648390608277,-4.4695917099861795],[105.8698556252337,-4.849716089394537],[105.90648390608277,-4.94558816738691],[105.8698556252337,-5.039778279098716],[105.86527709012756,-5.2550699630114135],[105.83322734438461,-5.384581366615146],[105.82864880927848,-5.657059904067154],[105.78286345821712,-5.830302430965653],[105.7279210369435,-5.895899115907803],[105.71418543162508,-5.833666363526789],[105.60430058907784,-5.810118835598837],[105.54477963269807,-5.655377937786586],[105.48068014121218,-5.66042383662829],[105.31127434228516,-5.465315748082407],[105.24717485079927,-5.461951815521272],[105.238017780587,-5.569597657477621],[105.17849682420723,-5.579689455161028],[105.21512510505632,-5.757977880901231],[105.11897586782747,-5.781525408829182],[104.79389987529186,-5.611646814491819],[104.71148624338142,-5.527548500463421],[104.6199155412587,-5.490545242290927],[104.53292337424213,-5.559505859794212],[104.68859356785073,-5.806754903037702],[104.71606477848755,-5.92281057639689],[104.56039458487895,-5.9295384415191625],[104.5420804444544,-5.84039422864906],[104.3864102508458,-5.694063162239649],[104.29483954872309,-5.64360417382261],[104.258211267874,-5.541004230707966],[104.11169814447767,-5.4484960852767275],[103.99265623171814,-5.312256816550724],[104.00181330193041,-5.261797828133685],[103.90108552959543,-5.219748671119486],[103.91482113491384,-5.1406962559327924],[103.79120068704817,-5.033050413976444],[103.65384463386411,-4.979227492998269],[103.60805928280276,-4.9153127743366865]]]},"properties":{"name":"Lampung","hcKey":"id-1024","postalCode":""}},{"type":"Feature","geometry":{"type":"Polygon","coordinates":[[[106.73062022518717,-6.057367878842327],[106.7489343656117,-6.0943711370148215],[106.98701819113076,-6.077551474209142],[106.98243965602461,-6.2356563045825295],[106.92749723475099,-6.381987370991942],[106.76266997093012,-6.30125298952468],[106.70314901455035,-6.210426810374011],[106.68483487412581,-6.102780968417662],[106.73062022518717,-6.057367878842327]]]},"properties":{"name":"Jakarta Raya","hcKey":"id-jk","postalCode":"JK"}},{"type":"Feature","geometry":{"type":"Polygon","coordinates":[[[122.19691181371286,1.0253921286293224],[122.23811862966807,1.01025443210421],[122.45330977965644,1.0203462297876182],[122.62271557858345,0.9682052750900105],[122.84706379878409,0.8201922424000312],[122.91574182537613,0.8605594331336626],[122.97068424664975,0.9614774099677401],[123.09888322962155,0.9278380843563809],[123.20418953706266,0.8353299389251436],[123.24539635301788,0.732729995810498],[123.43769482747557,0.6099464573290376],[123.49721578385532,0.4282940990276991],[123.45600896790012,0.3122384256685091],[123.2362392828056,0.32401218963248546],[123.07599055409086,0.5157563456172323],[122.97984131686202,0.4821170200058731],[122.6547653243264,0.4821170200058731],[122.32511079668464,0.4955727502504157],[122.16944060307604,0.47034325604189675],[122.03666308499811,0.48043505372530504],[121.98629919883062,0.4484776943945139],[121.8031577945852,0.4282940990276991],[121.68869441693181,0.5224842107395045],[121.52844568821706,0.5393038735451832],[121.51013154779253,0.48716291884757723],[121.33614721375938,0.4619334246390583],[121.33156867865324,0.5763071317176784],[121.25373358184893,0.5847169631205187],[121.16216287972622,0.6856349399545945],[121.2354194414244,0.7260021306882258],[121.30409746801644,0.8269201075223034],[121.3773540297146,0.8622413994142306],[121.50555301268639,0.8454217366085501],[121.83978607543429,0.9715692076511466],[121.99545626904289,0.9379298820397874],[122.19691181371286,1.0253921286293224]]]},"properties":{"name":"Gorontalo","hcKey":"id-go","postalCode":"GO"}},{"type":"Feature","geometry":{"type":"Polygon","coordinates":[[[110.84672328560298,-8.200192920285899],[110.69105309199436,-8.178327358638516],[110.47586194200599,-8.112730673696365],[110.04090110692313,-7.889029158380827],[110.13705034415197,-7.677101407029265],[110.2560922569115,-7.714104665201759],[110.43923366115692,-7.561045733670076],[110.50791168774894,-7.783065282705046],[110.69105309199436,-7.818386574596973],[110.78262379411707,-7.873891461855715],[110.79635939943549,-8.121140505099206],[110.84672328560298,-8.200192920285899]]]},"properties":{"name":"Yogyakarta","hcKey":"id-yo","postalCode":"YO"}},{"type":"Feature","geometry":{"type":"Polygon","coordinates":[[[104.53292337424213,-1.736396504063256],[104.48255948807464,-1.8827275704726691],[104.53750190934826,-1.854134143703014],[104.63822968168324,-1.9214127949257307],[104.69317210295688,-2.047560265968327],[104.77100719976117,-2.0004652101124254],[104.87173497209616,-2.0795176252991183],[104.8763135072023,-2.163615939327517],[104.74353598912437,-2.3402223987871515],[104.71148624338142,-2.575697678066664],[104.77100719976117,-2.4293666116572528],[104.88547057741457,-2.2863994778089776],[104.93125592847592,-2.3738617243985107],[105.00451249017408,-2.3334945336648794],[105.11897586782747,-2.378907623240215],[105.20138949973791,-2.348632230189992],[105.62261472950237,-2.4007731848875977],[105.60887912418397,-2.553832116419281],[105.67297861566986,-2.663159924656199],[105.77828492311099,-2.690071385145286],[105.79202052842939,-2.8633139120437843],[105.87901269544597,-2.9507761586333183],[106.01636874863003,-2.967595821438998],[106.05299702947912,-3.0449662703451237],[106.07131116990365,-3.2568940216966853],[105.92937658161345,-3.3679037962141702],[105.87901269544597,-3.452002110242568],[105.81949173906621,-3.67233969299697],[105.95226925714414,-3.835490422212061],[105.8698556252337,-4.005369016549425],[105.82864880927848,-4.15674598180054],[105.70960689651895,-4.150018116678268],[105.5997220539717,-4.047418173563623],[105.58598644865329,-3.958273960693522],[105.51272988695513,-3.870811714103988],[105.31127434228516,-3.756438007025368],[105.2654889912238,-3.8859494106290997],[105.12813293803974,-3.956591994412954],[105.1098187976152,-4.060873903808167],[104.97704127953727,-4.1887033411313315],[104.83968522635321,-4.218978734181555],[104.67485796253233,-4.29634918308768],[104.52376630402986,-4.318214744735064],[104.30857515404149,-4.439316316935956],[104.30857515404149,-4.627696540359567],[104.26278980298014,-4.708430921826829],[104.33604636467831,-4.81439479750261],[104.29483954872309,-4.8900832801281675],[104.20784738170651,-4.893447212689304],[104.07964839873472,-4.94558816738691],[103.88734992427703,-4.933814403422934],[103.85530017853408,-4.853080021955672],[103.76372947641137,-4.802621033538634],[103.62179488812117,-4.504913001878107],[103.61721635301504,-4.417450755288573],[103.1868340530383,-4.240844295828938],[103.14562723708308,-4.045736207283055],[102.9807999732622,-4.035644409599648],[102.76560882327384,-3.9599559269740903],[102.62825277008977,-3.81194289428411],[102.70150933178793,-3.7900773326367263],[102.89380780624562,-3.6319725022633387],[102.88007220092722,-3.5747856487240286],[102.99453557858061,-3.581513513846301],[103.01742825411128,-3.4873234021344954],[102.97622143815606,-3.3981791892643933],[102.86633659560881,-3.3779955938975785],[102.76560882327384,-3.278759583344069],[102.62825277008977,-3.3712677287753063],[102.45884697116276,-3.251848122854982],[102.48631818179956,-3.1526121123014725],[102.43137576052594,-3.0886973936398903],[102.24365582117439,-3.0601039668702352],[102.2207631456437,-2.9541400911944544],[102.06967148714124,-2.7825795305765233],[102.23449875096212,-2.685025486303582],[102.25739142649279,-2.6379304304476783],[102.44968990095049,-2.7270746433177813],[102.59620302434682,-2.710254980512101],[102.79308003391064,-2.5706517792249617],[102.86175806050268,-2.461323970988044],[102.86175806050268,-2.355360095312262],[103.1227345615524,-2.3974092523264616],[103.20514819346283,-2.3637699267151024],[103.16851991261376,-2.2863994778089776],[103.21430526367512,-2.1854815009749],[103.30129743069168,-2.2863994778089776],[103.45696762430029,-2.4007731848875977],[103.45696762430029,-2.239304421953074],[103.55311686152913,-2.1955732986583083],[103.51648858068005,-2.1198848160327497],[103.5348027211046,-1.9685078507816343],[103.88734992427703,-1.7952653238831342],[104.12543374979607,-1.8305866157750614],[104.3223107593599,-1.8036751552859744],[104.42761706680102,-1.6960293133296265],[104.53292337424213,-1.736396504063256]]]},"properties":{"name":"Sumatera Selatan","hcKey":"id-sl","postalCode":"SL"}},{"type":"Feature","geometry":{"type":"Polygon","coordinates":[[[119.49099756598677,-3.4873234021344954],[119.29869909152909,-3.4301365485951845],[119.20712838940638,-3.4906873346956306],[119.0285655202671,-3.5091889637818783],[118.92325921282597,-3.5663758173211892],[118.84084558091554,-3.3477202008473554],[118.85458118623394,-3.2955792461497486],[118.76301048411123,-3.0937432924815944],[118.85000265112781,-3.053376101747963],[118.87747386176463,-2.8616319457632162],[118.7721675543235,-2.859949979482648],[118.75385341389897,-2.775851665454251],[118.82253144049099,-2.6211107676419996],[118.9141021426137,-2.6480222281310866],[119.01482991494868,-2.577379644347232],[119.14302889792049,-2.442822341901797],[119.1338718277082,-2.205665096341715],[119.21628545961865,-2.0105570077958337],[119.33532737237817,-1.9685078507816343],[119.36279858301498,-1.8289046494944934],[119.30785616174136,-1.6960293133296265],[119.33532737237817,-1.5732457748481643],[119.29869909152909,-1.3865475177051216],[119.33074883727204,-1.3629999897771707],[119.33074883727204,-1.2133049908066234],[119.45436928513769,-1.095567351166867],[119.52762584683586,-0.8584101056067848],[119.56425412768495,-0.8348625776788339],[119.57341119789722,-1.0535181941526677],[119.60088240853403,-1.1527542047061772],[119.48641903088064,-1.287311507151614],[119.49557610109291,-1.3310426304463796],[119.64208922448924,-1.3949573491079619],[119.69245311065674,-1.4588720677695441],[119.72450285639968,-1.6152949318623637],[119.84812330426534,-1.791901391321998],[119.82523062873466,-1.874317739069829],[119.87101597979603,-1.9550521205370899],[119.82523062873466,-2.045878299687759],[119.64666775959539,-2.1770716695720598],[119.61919654895857,-2.294809309211816],[119.70618871597514,-2.355360095312262],[119.7382384617181,-2.5639239141026895],[119.78402381277945,-2.696799250267558],[119.66040336491379,-2.7573500363680044],[119.51846877662359,-2.7590320026485724],[119.5459399872604,-2.9053630690579837],[119.64208922448924,-3.1206547529706814],[119.42231953939475,-3.192979303035103],[119.49099756598677,-3.4873234021344954]]]},"properties":{"name":"Sulawesi Barat","hcKey":"id-sr","postalCode":"SR"}},{"type":"Feature","geometry":{"type":"Polygon","coordinates":[[[103.43865348387575,-0.7474003310893007],[103.44323201898189,-0.812997016031451],[103.50733151046778,-0.8029052183480427],[103.64926609875798,-0.9425084196351836],[103.83698603810953,-1.0316526325052848],[103.95602795086906,-0.9761477452465428],[104.21242591681265,-1.0737017895194825],[104.37725318063352,-1.0316526325052848],[104.39556732105807,-1.1897574628786725],[104.44593120722556,-1.3058131362378607],[104.45508827743782,-1.5295146515533986],[104.53292337424213,-1.736396504063256],[104.42761706680102,-1.6960293133296265],[104.3223107593599,-1.8036751552859744],[104.12543374979607,-1.8305866157750614],[103.88734992427703,-1.7952653238831342],[103.5348027211046,-1.9685078507816343],[103.51648858068005,-2.1198848160327497],[103.55311686152913,-2.1955732986583083],[103.45696762430029,-2.239304421953074],[103.45696762430029,-2.4007731848875977],[103.30129743069168,-2.2863994778089776],[103.21430526367512,-2.1854815009749],[103.16851991261376,-2.2863994778089776],[103.20514819346283,-2.3637699267151024],[103.1227345615524,-2.3974092523264616],[102.86175806050268,-2.355360095312262],[102.86175806050268,-2.461323970988044],[102.79308003391064,-2.5706517792249617],[102.59620302434682,-2.710254980512101],[102.44968990095049,-2.7270746433177813],[102.25739142649279,-2.6379304304476783],[102.23449875096212,-2.685025486303582],[102.06967148714124,-2.7825795305765233],[101.90026568821422,-2.742212339842892],[101.73543842439335,-2.636248464167112],[101.56603262546633,-2.4512321733046356],[101.51566873929885,-2.3049011068952243],[101.4332551073884,-2.235940489391938],[101.33710587015956,-2.298173241772952],[101.25927077335525,-2.0811995915796864],[101.14480739570186,-1.9180488623645946],[101.11275764995892,-1.704439144732465],[101.2272210276123,-1.7279866726604176],[101.4469907127068,-1.7145309424158732],[101.67591746801358,-1.4975572922226075],[101.68049600311971,-1.288993473432182],[101.79495938077311,-1.2402164512957103],[101.84074473183446,-1.1678919012312878],[101.78580231056084,-1.1308886430587943],[101.77206670524242,-1.038380497627557],[101.88195154778968,-1.0013772394550617],[102.01472906586761,-0.8819576335347374],[102.18871339990076,-0.8567281393262167],[102.26196996159892,-0.8785937009736013],[102.35811919882778,-1.0097870708579002],[102.5412606030732,-1.0854755534834588],[102.6831951913634,-0.9055051614626883],[102.80681563922906,-0.7911314543840664],[102.9167004817763,-0.7625380276144114],[103.10442042112786,-0.7726298252978197],[103.43865348387575,-0.7474003310893007]]]},"properties":{"name":"Jambi","hcKey":"id-ja","postalCode":"JA"}},{"type":"Feature","geometry":{"type":"Polygon","coordinates":[[[114.3080958258414,-3.4318185148757525],[114.26231047478005,-3.3981791892643933],[114.36303824711503,-3.2097989658407826],[114.24857486946163,-3.357811998530763],[114.12495442159599,-3.3695857624947383],[114.12037588648985,-3.2148448646824868],[114.03796225457941,-3.356130032250195],[113.88687059607693,-3.4318185148757525],[113.71288626204378,-3.472185705609384],[113.63505116523949,-3.4553660428037043],[113.64420823545176,-3.2955792461497486],[113.62131555992107,-3.1845694716322637],[113.46564536631247,-3.1862514379128317],[113.35118198865908,-3.272031718221797],[113.24129714611183,-3.1778416065099915],[113.18177618973206,-3.078605595956483],[113.09936255782164,-3.0432843040645556],[113.03526306633573,-2.9238646981442313],[113.0169489259112,-3.0382384052228515],[112.9528494344253,-3.1240186855318175],[113.02152746101733,-3.16270390998488],[112.6186163716774,-3.425090649753481],[112.5270456695547,-3.4368644137174567],[112.38968961637063,-3.3409923357250833],[112.30269744935406,-3.3140808752359963],[112.1149775100025,-3.3796775601781466],[111.90436489512027,-3.5731036824434605],[111.82195126320983,-3.5461922219543736],[111.84484393874051,-3.361175931091899],[111.81737272810369,-3.191297336754536],[111.8311083334221,-3.0601039668702352],[111.73495909619325,-2.8111729573461783],[111.6754381398135,-2.8969532376551435],[111.70290935045031,-2.942366327230479],[111.58386743769078,-3.0062810458920604],[111.44651138450672,-2.9289105969859346],[111.29541972600424,-2.939002394669343],[111.06191443559133,-3.0634678994313713],[110.90624424198273,-3.085333461078754],[110.75515258348025,-3.024782674978308],[110.80551646964776,-2.9608679563167257],[110.95660812815022,-2.885179473691169],[111.07107150580362,-2.767441834051411],[111.1351709972895,-2.7354844747206197],[111.1351709972895,-2.4024551511681658],[111.01155054942384,-2.126612681155022],[110.99781494410544,-1.983645547306745],[111.03444322495453,-1.7431243691855283],[111.01612908452998,-1.6623899877182673],[110.91997984730114,-1.6136129655817957],[111.01155054942384,-1.5244687527116945],[111.1351709972895,-1.5311966178339667],[111.3274694717472,-1.373091787460579],[111.41446163876377,-1.2671279117847973],[111.57928890258465,-1.1880754965981044],[111.64796692917668,-1.0148329696996043],[112.1149775100025,-0.7339446008447563],[112.38053254615836,-0.7524462299310049],[112.58198809082832,-0.7053511740751013],[113.00321332059279,-0.5203348832126267],[113.15888351420139,-0.4698758947955888],[113.25503275143024,-0.5506102762628498],[113.30081810249159,-0.42109887265911716],[113.2504542163241,-0.360548086558671],[113.32371077802227,-0.252902244602323],[113.42901708546339,-0.18898752594074075],[113.47938097163087,-0.049384324653599876],[113.4564882961002,0.06667134870558833],[113.32371077802227,0.2466417407263588],[113.41986001525112,0.2769171337765819],[113.52974485779836,0.26177943725147124],[113.62131555992107,0.3105564593879411],[113.64420823545176,0.4114744362220186],[113.77698575352969,0.5578055026314299],[113.96928422798737,0.6065825247679015],[114.03338371947328,0.6469497155015329],[114.18447537797574,0.6519956143432353],[114.37677385243343,0.5880808956816548],[114.66064302901384,0.6217202212930122],[114.733899590712,0.6721792097100519],[114.97656195133717,0.7344119620910661],[115.05897558324762,0.6368579178181246],[115.07271118856603,0.534257974703479],[114.9674048811249,0.3626974140855488],[114.9536692758065,0.2836449988988541],[115.01776876729241,0.05994348358331614],[114.9674048811249,-0.09647938050950344],[115.004033161974,-0.17889572825733246],[115.18717456621941,0.006120562605142155],[115.34742329493416,0.0027566300440060587],[115.27874526834212,-0.21926291899096384],[115.27416673323599,-0.31177106442220115],[115.33368768961574,-0.5102430855292184],[115.37947304067711,-0.5825676355936409],[115.41610132152618,-0.7743117915783877],[115.46188667258755,-0.8870035323764398],[115.62671393640842,-0.9795116778076771],[115.74117731406182,-1.1056591488502736],[115.8052768055477,-1.0871575197640269],[115.80069827044157,-1.2940393722738843],[115.71828463853113,-1.426914708438753],[115.67707782257591,-1.423550775877617],[115.67707782257591,-1.3629999897771707],[115.42525839173845,-1.4336425735610252],[115.33826622472189,-1.7649899308329111],[115.35658036514643,-1.902911165839484],[115.32910915450961,-2.0391504345654887],[115.13223214494579,-2.209029028902851],[114.90330538963902,-2.264533916161593],[114.90788392474515,-2.4192748139738445],[114.82547029283471,-2.5605599815415534],[114.78426347687949,-2.68670745258415],[114.62859328327089,-2.8212647550295866],[114.50497283540523,-2.8801335748494648],[114.47292308966229,-3.002917113330925],[114.3080958258414,-3.4318185148757525]]]},"properties":{"name":"Kalimantan Tengah","hcKey":"id-kt","postalCode":"KT"}}]}
